Date      ,Open,         High ,     Low,      Close,    Adj Close,Volume
2015-08-03,713.799988,716.950012,705.000000,712.299988,696.087708,916688
2015-08-04,717.950012,717.950012,703.099976,709.650024,693.497986,1237267
2015-08-05,710.950012,721.900024,709.000000,718.599976,702.244202,1274983 
2015-08-06,720.250000,731.099976,718.049988,723.400024,706.935059,1374485
2015-08-07,724.700012,728.849976,713.500000,715.150024,698.872803,980254
2015-08-10,717.400024,723.500000,710.750000,715.250000,698.970642,914543
2015-08-11,719.000000,729.000000,713.950012,719.200012,704.801392,1636795
2015-08-12,718.450012,724.299988,696.750000,707.650024,693.482727,2149755
2015-08-13,711.799988,730.000000,710.500000,725.500000,710.975220,2079678
2015-08-14,735.000000,741.750000,730.250000,739.599976,724.793030,3238561
2015-08-17,744.950012,745.000000,701.000000,703.150024,689.072754,7582133
2015-08-18,709.000000,709.400024,680.799988,683.799988,670.110046,5972184
2015-08-19,687.000000,703.400024,686.900024,696.099976,682.163818,2593642
2015-08-20,697.500000,708.000000,688.400024,691.599976,677.753967,2267326
2015-08-21,680.000000,700.950012,671.099976,697.400024,683.437866,2011811
2015-08-24,675.000000,681.900024,626.000000,635.849976,623.120117,4568527
2015-08-25,649.000000,654.000000,605.700012,645.400024,632.478943,4891926
2015-08-26,648.000000,649.000000,633.500000,637.450012,624.688110,2031606
2015-08-27,652.000000,667.799988,640.000000,660.950012,647.717529,3929856
2015-08-28,675.000000,679.700012,655.000000,659.849976,646.639648,2111583
2015-08-31,659.799988,685.000000,655.099976,682.150024,668.493225,2172057
2015-09-01,682.000000,688.400024,657.000000,663.150024,649.873535,2567389
2015-09-02,665.000000,669.750000,644.099976,648.299988,635.320862,2734383
2015-09-03,659.000000,663.750000,651.799988,655.650024,642.523682,3366027
2015-09-04,676.250000,679.799988,646.500000,649.549988,636.545776,4428049
2015-09-07,656.000000,662.000000,647.250000,649.549988,636.545776,1844881
2015-09-08,652.000000,654.099976,623.500000,650.000000,636.986816,2197872
2015-09-09,662.849976,668.000000,650.099976,656.450012,643.307617,1561345
2015-09-10,649.000000,657.500000,640.700012,653.700012,640.612732,1254979
2015-09-11,660.000000,662.750000,648.900024,653.150024,640.073853,1179996
2015-09-14,654.750000,663.000000,650.500000,660.700012,647.472656,796196
2015-09-15,665.950012,667.000000,653.500000,658.299988,645.120605,921666
2015-09-16,660.200012,665.700012,657.000000,661.599976,648.354553,1038816
2015-09-18,667.000000,669.000000,647.049988,652.000000,638.946777,2152655
2015-09-21,648.000000,652.000000,639.599976,649.250000,636.251770,1001552
2015-09-22,653.000000,653.299988,642.099976,644.150024,631.253906,1673424
2015-09-23,638.799988,644.000000,633.500000,642.150024,629.294067,1098608
2015-09-24,640.000000,650.799988,639.000000,643.099976,630.224976,2130588
2015-09-28,648.000000,653.849976,639.049988,641.900024,629.049011,2002727
2015-09-29,636.799988,644.799988,628.500000,636.500000,623.757080,1385234
2015-09-30,638.000000,639.950012,631.200012,636.049988,623.316040,3135198
2015-10-01,642.900024,649.000000,631.450012,633.549988,620.866150,2945165
2015-10-05,639.650024,642.000000,633.650024,640.099976,627.285034,2469393
2015-10-06,643.900024,666.450012,641.349976,664.000000,650.706543,2513511
2015-10-07,668.900024,683.599976,660.599976,680.799988,667.170227,2160153
2015-10-08,688.000000,689.500000,672.049988,680.250000,666.631226,2304302
2015-10-09,684.400024,691.900024,679.250000,689.549988,675.744995,1867010
2015-10-12,692.000000,692.799988,675.000000,676.349976,662.809204,980356
2015-10-13,676.250000,681.000000,673.500000,679.049988,665.455200,1215291
2015-10-14,673.000000,680.200012,660.000000,679.200012,665.602234,1219164
2015-10-15,683.750000,683.950012,669.400024,670.950012,657.517456,1232379
2015-10-16,674.400024,680.500000,669.000000,679.450012,665.847229,1925227
2015-10-19,679.500000,689.700012,677.000000,688.450012,674.667114,2154963
2015-10-20,689.650024,689.650024,658.599976,673.599976,660.114380,5642920
2015-10-21,673.599976,681.900024,672.000000,678.000000,664.426270,2005358
2015-10-23,682.099976,686.000000,679.299988,682.200012,668.542175,1705211
2015-10-26,683.400024,684.000000,673.400024,681.250000,667.611267,1217235
2015-10-27,676.000000,688.000000,672.250000,684.700012,670.992065,1610215
2015-10-28,682.250000,702.250000,675.799988,696.049988,682.114807,1537365
2015-10-29,699.000000,704.900024,689.500000,691.549988,677.704956,2975896
2015-10-30,699.000000,703.900024,688.049988,690.450012,676.627014,1885373
2015-11-02,688.950012,688.950012,674.400024,680.250000,666.631226,766804
2015-11-03,686.049988,686.049988,671.099976,675.400024,661.878296,1048233
2015-11-04,680.000000,680.950012,668.099976,670.700012,657.272461,1321427
2015-11-05,675.000000,675.400024,655.200012,658.049988,644.875610,1833741
2015-11-06,655.000000,672.700012,651.000000,658.150024,644.973694,1715887
2015-11-09,644.099976,649.700012,638.599976,647.599976,634.634827,1192556
2015-11-10,647.000000,648.500000,637.500000,641.900024,629.049011,1166182
2015-11-13,635.000000,635.950012,615.099976,617.900024,605.529480,2193410
2015-11-16,617.849976,631.150024,613.150024,625.799988,613.271301,1127051
2015-11-17,628.950012,638.900024,628.000000,635.750000,623.022095,808720
2015-11-18,634.799988,642.000000,627.400024,629.750000,617.142212,1026565
2015-11-19,635.000000,637.400024,629.849976,635.650024,622.924133,523990
2015-11-20,635.900024,648.900024,631.099976,646.849976,633.899841,1070873
2015-11-23,647.599976,648.000000,633.500000,641.450012,628.607971,878175
2015-11-24,640.000000,646.799988,635.000000,637.299988,624.541138,909556
2015-11-26,639.799988,641.900024,633.099976,634.549988,621.846069,1319195
2015-11-27,637.400024,645.700012,635.549988,643.650024,630.763977,1110713
2015-11-30,643.000000,651.500000,639.000000,643.650024,630.763977,2146672
2015-12-01,645.500000,650.000000,645.000000,648.549988,635.565796,670534
2015-12-02,648.599976,661.400024,648.500000,658.400024,645.218750,1610659
2015-12-03,652.750000,656.000000,642.250000,651.200012,638.162842,1484709
2015-12-04,649.650024,655.000000,643.599976,645.799988,632.870911,1127553
2015-12-07,647.950012,654.000000,640.099976,645.200012,632.283020,921343
2015-12-08,642.000000,648.500000,638.400024,642.599976,629.735046,730708
2015-12-09,642.049988,644.900024,620.000000,623.799988,611.311279,1044192
2015-12-10,625.049988,640.849976,622.000000,636.799988,624.051086,1030589
2015-12-11,636.549988,642.950012,630.750000,639.250000,626.452087,1104857
2015-12-14,637.900024,643.799988,631.049988,637.049988,624.296082,721113
2015-12-15,637.049988,641.500000,636.549988,638.900024,626.109009,948636
2015-12-16,642.950012,643.950012,637.099976,638.650024,625.864075,1166504
2015-12-17,639.000000,644.950012,636.299988,642.900024,630.028992,1333918
2015-12-18,642.799988,649.299988,640.099976,642.099976,629.244995,995474
2015-12-21,649.799988,649.799988,641.099976,643.700012,630.812927,738842
2015-12-22,643.950012,648.000000,641.500000,644.200012,631.302917,508379
2015-12-23,646.000000,649.400024,644.500000,647.450012,634.487854,342498
2015-12-24,648.799988,654.400024,645.200012,648.200012,635.222839,395801
2015-12-28,648.150024,659.450012,647.299988,657.599976,644.434631,793844
2015-12-29,660.000000,660.000000,652.000000,653.849976,640.759705,472504
2015-12-30,653.799988,657.000000,650.099976,653.200012,640.122742,587218
2015-12-31,653.000000,655.000000,647.200012,649.750000,636.741821,765254
2016-01-01,653.200012,658.450012,648.500000,655.349976,642.229675,556012
2016-01-04,652.049988,653.799988,639.400024,645.650024,632.723877,631534
2016-01-05,646.200012,649.950012,638.049988,640.849976,628.019958,642269
2016-01-06,639.700012,655.950012,638.700012,652.099976,639.044739,1234096
2016-01-07,648.000000,650.000000,629.000000,637.450012,624.688110,732335
2016-01-08,637.299988,645.000000,614.000000,622.349976,609.890381,1553402
2016-01-11,617.400024,617.400024,604.250000,610.049988,597.836670,1668698
2016-01-12,609.000000,616.900024,605.700012,611.450012,599.208618,1278522
2016-01-13,615.250000,615.950012,596.099976,608.650024,596.464722,794118
2016-01-14,603.400024,617.049988,596.750000,614.299988,602.001587,986574
2016-01-15,616.000000,616.950012,602.349976,609.099976,596.905640,1119442
2016-01-18,608.000000,608.049988,586.400024,591.049988,579.216980,1435098
2016-01-19,590.349976,600.799988,583.000000,598.049988,586.076904,849433
2016-01-20,594.799988,603.150024,588.000000,593.150024,581.275024,1002709
2016-01-21,600.250000,601.450012,576.549988,580.250000,568.633301,1452498
2016-01-22,582.799988,588.500000,577.400024,581.900024,570.250244,1297154
2016-01-25,590.000000,590.000000,579.200012,580.599976,568.976135,910559
2016-01-27,582.000000,587.650024,572.299988,580.500000,568.878235,982504
2016-01-28,581.000000,585.500000,575.000000,577.799988,566.232300,1336930
2016-01-29,579.950012,592.000000,578.099976,585.099976,573.386108,1146060
2016-02-01,591.900024,605.950012,589.150024,599.450012,587.448914,1045333
2016-02-02,601.000000,606.049988,562.000000,574.000000,562.508362,1779141
2016-02-03,570.000000,578.799988,559.400024,562.049988,550.797607,1188642
2016-02-04,567.000000,570.400024,540.049988,550.400024,539.380859,1614064
2016-02-05,555.000000,573.299988,544.099976,570.150024,558.735474,864080
2016-02-08,574.950012,575.750000,561.099976,566.849976,555.501404,1264314
2016-02-09,564.900024,571.200012,551.099976,555.849976,544.721680,1357674
2016-02-10,555.000000,558.950012,534.000000,538.599976,527.817017,2425499
2016-02-11,530.000000,548.700012,517.299988,540.849976,530.022034,5647601
2016-02-12,543.000000,543.549988,525.049988,528.599976,518.017212,1981976
2016-02-15,533.049988,542.000000,528.500000,539.700012,528.895142,2467275
2016-02-16,545.950012,549.500000,520.450012,524.049988,513.558350,2664696
2016-02-17,526.000000,526.500000,513.400024,519.099976,508.707458,1924596
2016-02-18,527.099976,529.400024,520.599976,524.400024,513.901367,1967772
2016-02-19,525.950012,531.000000,519.200012,524.650024,514.146362,1054082
2016-02-22,529.349976,531.849976,525.000000,530.500000,519.879211,1236400
2016-02-23,531.900024,532.900024,517.500000,522.599976,512.137329,1047760
2016-02-24,522.200012,523.049988,510.500000,513.950012,503.660614,1836770
2016-02-25,518.000000,521.799988,510.000000,519.000000,508.609497,2723564
2016-02-26,522.849976,527.750000,519.000000,524.000000,513.509399,1985528
2016-02-29,528.000000,528.000000,505.000000,514.150024,503.856567,3487816
2016-03-01,515.000000,521.400024,509.600006,516.349976,506.012482,2146110
2016-03-02,523.500000,532.000000,519.400024,525.599976,515.077332,3422308
2016-03-03,530.000000,531.000000,523.400024,527.099976,516.547241,3101778
2016-03-04,533.700012,545.599976,530.250000,537.700012,526.935059,2693406
2016-03-08,539.799988,549.700012,528.799988,532.349976,521.692200,1409496
2016-03-09,533.849976,535.000000,521.349976,529.299988,518.703247,4376676
2016-03-10,530.200012,540.200012,530.000000,533.950012,523.260254,3609343
2016-03-11,534.500000,538.549988,530.950012,534.599976,523.897095,2806975
2016-03-14,538.000000,543.750000,530.099976,537.599976,526.837097,3909833
2016-03-15,538.599976,539.000000,522.000000,525.049988,514.538330,2961527
2016-03-16,524.900024,534.799988,516.200012,531.000000,520.369202,2221318
2016-03-17,536.299988,537.000000,521.549988,524.549988,514.048279,2100095
2016-03-18,529.000000,530.049988,517.500000,528.250000,517.674377,4345885
2016-03-21,530.000000,538.400024,527.500000,535.849976,525.122131,1221223
2016-03-22,537.500000,539.000000,531.049988,535.299988,524.583130,1529194
2016-03-23,534.799988,536.299988,525.549988,532.799988,522.133179,1361735
2016-03-28,536.299988,537.349976,522.099976,524.200012,513.705383,1947564
2016-03-29,521.049988,525.000000,494.549988,503.500000,493.419800,6503207
2016-03-30,506.950012,516.500000,502.500000,512.349976,502.092560,4372138
2016-03-31,513.000000,518.000000,507.899994,511.950012,501.700623,3086978
2016-04-01,513.799988,517.299988,510.000000,514.549988,504.248566,1239447
2016-04-04,519.000000,519.000000,512.150024,514.299988,504.003540,768318
2016-04-05,513.000000,516.000000,501.450012,503.000000,492.929810,1086907
2016-04-06,503.350006,507.500000,497.000000,504.950012,494.840790,1820374
2016-04-07,505.750000,513.049988,501.700012,506.399994,496.261719,2102922
2016-04-08,509.799988,510.600006,503.250000,504.450012,494.350800,1262329
2016-04-11,505.500000,506.000000,497.049988,502.149994,492.096802,2929584
2016-04-12,502.700012,508.850006,499.700012,501.950012,491.900818,3622355
2016-04-13,505.149994,515.000000,504.000000,511.899994,501.651642,3642720
2016-04-18,515.000000,525.700012,507.100006,524.099976,513.607300,3507933
2016-04-20,525.000000,530.400024,519.250000,527.200012,516.645386,2898556
2016-04-21,530.000000,534.000000,526.599976,532.000000,521.349243,3392813
2016-04-22,529.700012,536.549988,527.000000,531.349976,520.712219,1880283
2016-04-25,532.500000,533.849976,523.500000,526.500000,515.959351,1959119
2016-04-26,524.650024,542.250000,524.150024,540.500000,529.678955,1855477
2016-04-27,539.500000,544.299988,534.500000,540.200012,529.385071,1456338
2016-04-28,538.900024,543.750000,525.000000,528.250000,517.674377,3088525
2016-04-29,527.200012,538.400024,527.099976,537.000000,526.249084,932705
2016-05-02,536.950012,544.599976,535.000000,540.650024,529.826111,1336667
2016-05-03,540.000000,547.000000,526.549988,536.849976,526.102051,1524809
2016-05-04,534.000000,541.349976,529.000000,533.200012,522.525208,785756
2016-05-05,535.500000,544.000000,533.500000,541.799988,530.953003,1025103
2016-05-06,540.000000,542.750000,535.099976,537.349976,526.592102,511789
2016-05-09,538.299988,540.200012,533.250000,536.549988,525.808105,727957
2016-05-10,537.000000,539.500000,532.750000,537.049988,526.298157,669096
2016-05-11,532.000000,539.500000,530.750000,536.599976,525.857117,943441
2016-05-12,536.950012,542.450012,534.349976,536.299988,525.563171,670055
2016-05-13,534.450012,538.700012,530.049988,531.700012,521.055115,891484
2016-05-16,533.849976,533.849976,520.349976,521.799988,511.353363,883516
2016-05-17,523.000000,528.650024,522.500000,523.750000,513.264343,679688
2016-05-18,522.549988,526.750000,520.049988,524.549988,514.048279,653047
2016-05-19,524.099976,525.900024,510.200012,512.700012,502.435608,1062398
2016-05-20,514.299988,515.250000,501.200012,507.100006,496.947723,1700932
2016-05-23,510.000000,510.000000,494.799988,497.399994,487.441895,2021694
2016-05-24,499.950012,505.200012,491.549988,494.049988,484.158936,2526624
2016-05-25,480.000000,480.000000,457.450012,469.799988,460.394470,15183389
2016-05-26,472.700012,473.899994,466.000000,467.950012,458.581512,4432025
2016-05-27,470.899994,478.500000,469.100006,473.450012,463.971405,2638981
2016-05-30,476.950012,478.500000,470.000000,473.549988,464.069397,1183625
2016-05-31,475.399994,479.250000,471.000000,472.649994,463.187408,2368362
2016-06-01,474.700012,474.700012,462.750000,464.899994,455.592560,1247617
2016-06-02,464.450012,470.000000,459.000000,468.100006,458.728546,1354914
2016-06-03,470.500000,473.950012,462.299988,465.200012,455.886566,1318109
2016-06-06,468.950012,471.500000,465.399994,466.649994,457.307526,1409144
2016-06-07,466.649994,471.899994,466.649994,468.350006,458.973541,1797918
2016-06-08,471.850006,474.000000,468.000000,472.149994,462.697418,811331
2016-06-09,473.549988,481.950012,469.100006,479.100006,469.508270,1695845
2016-06-10,475.000000,486.600006,474.500000,476.450012,466.911346,1704257
2016-06-13,474.950012,479.899994,465.549988,468.700012,459.316528,1271568
2016-06-14,470.100006,484.000000,469.549988,482.700012,473.036224,2522251
2016-06-15,485.899994,492.549988,483.799988,490.049988,480.239044,1860880
2016-06-16,487.799988,488.850006,479.350006,486.649994,476.907135,1239939
2016-06-17,487.000000,490.000000,484.049988,486.450012,476.711151,593507
2016-06-20,486.649994,490.899994,482.549988,488.250000,478.475128,1026672
2016-06-21,490.000000,490.000000,480.299988,483.399994,473.722198,861422
2016-06-22,483.850006,486.500000,480.000000,482.450012,472.791229,673949
2016-06-23,481.100006,483.000000,474.649994,475.750000,466.225342,1918112
2016-06-24,468.000000,478.000000,459.600006,476.549988,467.009308,1875935
2016-06-27,475.000000,491.000000,474.000000,489.049988,479.259064,2362093
2016-06-28,490.000000,499.000000,486.549988,497.350006,487.392883,1775304
2016-06-29,498.799988,504.000000,496.049988,502.450012,492.390808,1048438
2016-06-30,505.000000,506.799988,499.450012,501.000000,490.969818,2152521
2016-07-01,502.000000,510.000000,499.850006,508.600006,498.417664,1008068
2016-07-04,510.700012,513.400024,508.100006,510.200012,499.985687,1055119
2016-07-05,510.200012,511.100006,502.700012,507.000000,496.849731,689915
2016-07-07,505.500000,517.349976,504.049988,514.299988,504.003540,2078580
2016-07-08,518.000000,522.450012,513.049988,520.299988,509.883453,1828792
2016-07-11,525.400024,528.250000,520.000000,522.000000,511.549377,1441960
2016-07-12,522.500000,522.900024,514.099976,515.700012,505.375549,891315
2016-07-13,516.000000,519.450012,511.200012,514.599976,504.297516,1202156
2016-07-14,515.900024,516.599976,507.000000,511.950012,501.700623,1257722
2016-07-15,513.950012,518.900024,510.200012,516.400024,506.061554,1004156
2016-07-18,517.049988,517.299988,505.299988,506.950012,496.800690,1459230
2016-07-19,507.000000,510.399994,500.549988,505.799988,495.673737,1027246
2016-07-20,507.450012,519.400024,505.250000,517.849976,507.482422,3584904
2016-07-21,522.500000,526.950012,514.000000,515.849976,505.522491,2274652
2016-07-22,516.000000,522.900024,512.349976,520.400024,509.981445,1188747
2016-07-25,514.049988,526.500000,513.000000,524.599976,514.097290,1337348
2016-07-26,527.500000,530.150024,521.750000,523.549988,513.068298,2105457
2016-07-27,523.000000,529.150024,516.950012,523.150024,512.676453,894972
2016-07-28,523.900024,527.950012,519.000000,520.650024,510.226501,1347889
2016-07-29,522.400024,535.500000,520.000000,527.400024,516.841309,1785352
2016-08-01,528.799988,535.000000,521.500000,524.049988,513.558350,955999
2016-08-02,525.099976,529.950012,516.200012,517.900024,507.531494,1009436
2016-08-03,517.000000,534.900024,515.299988,529.450012,518.850281,1846161
2016-08-04,531.200012,534.000000,523.000000,526.950012,516.400330,1564658
2016-08-05,530.900024,534.599976,527.250000,533.250000,522.574158,699384
2016-08-08,533.900024,541.200012,531.950012,535.400024,524.681213,852842
2016-08-09,537.799988,540.000000,530.150024,532.950012,522.280273,886532
2016-08-10,532.500000,533.950012,519.500000,521.250000,510.814453,809814
2016-08-11,521.500000,525.500000,517.900024,523.950012,513.460388,761596
2016-08-12,524.000000,526.400024,512.099976,515.950012,505.620544,2124886
2016-08-16,510.200012,557.549988,510.200012,554.150024,543.055786,8817547
2016-08-17,552.000000,564.000000,547.200012,549.849976,538.841736,3819727
2016-08-18,553.700012,557.500000,548.000000,552.650024,541.585815,1434412
2016-08-19,552.849976,560.549988,552.500000,556.799988,545.652710,1598177
2016-08-22,557.000000,564.900024,552.299988,557.599976,546.436646,1218782
2016-08-23,557.599976,557.750000,552.049988,555.650024,544.525757,874783
2016-08-24,559.799988,572.000000,553.849976,567.200012,555.844482,2340210
2016-08-25,570.000000,574.549988,560.000000,562.900024,551.630554,3471437
2016-08-26,567.500000,571.700012,562.349976,567.250000,555.893494,2196070
2016-08-29,568.299988,570.349976,562.900024,568.000000,556.628540,1085860
2016-08-30,570.000000,581.450012,567.700012,576.099976,564.566284,1075723
2016-08-31,581.049988,587.500000,570.000000,572.950012,561.479309,3596264
2016-09-01,575.000000,581.299988,571.000000,579.150024,567.555176,960422
2016-09-02,580.299988,581.099976,571.500000,577.950012,566.379272,880437
2016-09-06,585.000000,586.299988,576.000000,578.599976,567.016235,1189215
2016-09-07,580.049988,585.950012,575.099976,580.750000,569.123169,1786522
2016-09-08,581.200012,598.400024,581.200012,595.150024,583.234985,1573263
2016-09-09,595.099976,595.599976,578.000000,580.500000,568.878235,1513978
2016-09-12,572.200012,579.200012,562.299988,570.099976,560.617920,1296182
2016-09-14,570.000000,583.700012,569.799988,577.500000,567.894897,1579482
2016-09-15,579.000000,591.000000,576.849976,585.400024,575.663513,1294197
2016-09-16,587.099976,596.000000,586.099976,593.549988,583.677917,2145891
2016-09-19,594.900024,600.000000,593.250000,597.799988,587.857239,1213754
2016-09-20,598.700012,607.500000,596.000000,602.849976,592.823181,2209606
2016-09-21,602.849976,607.000000,597.099976,601.349976,591.348145,1578461
2016-09-22,605.000000,610.950012,603.900024,609.099976,598.969299,1926725
2016-09-23,609.000000,617.799988,604.700012,611.549988,601.378479,1225528
2016-09-26,609.000000,615.000000,603.000000,604.500000,594.445801,1796225
2016-09-27,604.000000,610.299988,601.849976,607.200012,597.100891,1443938
2016-09-28,608.700012,612.400024,602.250000,605.799988,595.724182,1561039
2016-09-29,608.000000,611.000000,585.750000,602.849976,592.823181,2252434
2016-09-30,601.849976,603.900024,562.250000,580.049988,570.402405,6967821
2016-10-03,584.700012,591.700012,582.200012,588.849976,579.056030,1146677
2016-10-04,590.299988,603.849976,590.299988,597.799988,587.857239,1656807
2016-10-05,600.000000,600.150024,590.000000,591.650024,581.809570,961556
2016-10-06,592.500000,596.799988,576.849976,578.799988,569.173279,1504743
2016-10-07,578.849976,583.400024,566.500000,570.049988,560.568787,1317543
2016-10-10,570.250000,584.400024,570.250000,580.650024,570.992493,929998
2016-10-13,596.950012,599.000000,580.500000,582.000000,572.320007,3834775
2016-10-14,584.750000,590.000000,583.000000,587.000000,577.236877,1054501
2016-10-17,589.000000,592.049988,583.650024,586.000000,576.253479,1344977
2016-10-18,587.000000,594.000000,582.250000,592.750000,582.891235,1213156
2016-10-19,591.200012,598.799988,591.200012,596.349976,586.431335,1001409
2016-10-20,596.500000,600.500000,593.799988,596.599976,586.677124,913371
2016-10-21,597.500000,597.500000,570.000000,583.250000,573.549255,1792780
2016-10-24,585.000000,594.400024,582.000000,584.700012,574.975159,992033
2016-10-25,586.000000,594.500000,582.700012,584.500000,574.778503,831989
2016-10-26,583.000000,584.900024,575.150024,577.650024,568.042358,814132
2016-10-27,578.000000,588.000000,570.500000,585.750000,576.007629,779140
2016-10-28,585.500000,586.849976,573.700012,575.150024,565.584045,911117
2016-11-01,579.450012,579.450012,570.099976,571.750000,562.240540,880843
2016-11-02,569.950012,569.950012,557.549988,560.099976,550.784241,806345
2016-11-03,556.000000,563.799988,556.000000,560.000000,550.685913,701598
2016-11-04,556.099976,565.500000,538.000000,544.700012,535.640381,1517311
2016-11-07,549.500000,555.750000,544.000000,545.750000,536.672913,939497
2016-11-08,549.700012,550.900024,530.200012,535.299988,526.396729,1015538
2016-11-09,512.099976,532.000000,486.549988,526.299988,517.546448,3810958
2016-11-10,545.000000,568.000000,545.000000,563.700012,554.324402,3982787
2016-11-11,559.700012,564.000000,545.250000,547.950012,538.836365,1232505
2016-11-15,547.599976,561.049988,528.599976,552.400024,543.212341,1505372
2016-11-16,562.000000,564.849976,535.500000,538.150024,529.199402,1169205
2016-11-17,539.000000,549.349976,536.099976,545.700012,536.623718,924167
2016-11-18,541.200012,555.650024,541.200012,550.950012,541.786438,1214083
2016-11-21,550.000000,555.349976,542.099976,545.099976,536.033691,1056778
2016-11-22,547.099976,559.349976,543.500000,550.500000,541.343933,1300502
2016-11-23,554.900024,559.400024,547.150024,552.799988,543.605591,1520986
2016-11-24,551.400024,558.299988,545.049988,553.650024,544.441589,1816603
2016-11-25,557.000000,569.950012,548.500000,565.049988,555.651917,1022658
2016-11-28,569.299988,577.000000,568.049988,570.549988,561.060486,1224023
2016-11-29,573.000000,573.950012,564.299988,569.150024,559.683777,832424
2016-11-30,570.000000,573.250000,563.500000,566.599976,557.176086,1366319
2016-12-01,567.000000,579.849976,566.099976,568.200012,558.749573,1064251
2016-12-02,566.000000,573.900024,566.000000,571.200012,561.699646,984594
2016-12-05,573.500000,581.400024,571.349976,573.000000,563.469666,1158108
2016-12-06,575.000000,580.450012,570.950012,574.849976,565.288940,779936
2016-12-07,577.450012,577.599976,569.400024,570.849976,561.355469,694556
2016-12-08,573.500000,583.900024,570.200012,582.750000,573.057556,1177494
2016-12-09,586.000000,586.000000,576.450012,578.900024,569.271606,539344
2016-12-12,576.400024,582.000000,572.599976,574.799988,565.239746,848042
2016-12-13,574.099976,581.200012,570.500000,578.849976,569.222412,553306
2016-12-14,579.000000,579.650024,564.250000,568.000000,558.552917,585671
2016-12-15,568.000000,576.549988,559.099976,563.150024,553.783569,1032429
2016-12-16,562.900024,569.900024,561.349976,566.200012,556.782837,665505
2016-12-19,565.000000,574.500000,561.400024,569.150024,559.683777,997716
2016-12-20,572.849976,573.799988,562.000000,563.099976,553.734314,873053
2016-12-21,565.000000,567.400024,561.900024,562.799988,553.439331,743830
2016-12-22,562.299988,565.950012,560.000000,561.400024,552.062622,1870565
2016-12-23,561.000000,589.150024,552.000000,582.299988,572.614990,2585856
2016-12-26,581.299988,581.299988,548.099976,554.950012,545.719910,2106357
2016-12-27,559.000000,566.200012,555.150024,563.650024,554.275269,1063407
2016-12-28,567.000000,572.000000,560.799988,562.400024,553.046021,743252
2016-12-29,563.099976,569.000000,562.750000,564.849976,555.455261,985947
2016-12-30,565.599976,573.450012,565.599976,568.799988,559.339600,673901
2017-01-02,569.750000,572.450012,563.250000,566.000000,556.586121,520139
2017-01-03,566.799988,576.799988,562.000000,573.650024,564.108948,626867
2017-01-04,572.950012,576.000000,567.500000,568.250000,558.798706,729355
2017-01-05,570.200012,581.500000,569.299988,579.849976,570.205750,919562
2017-01-06,580.049988,591.000000,577.200012,582.849976,573.155884,851729
2017-01-09,583.549988,588.950012,574.900024,576.700012,567.108215,545949
2017-01-10,577.500000,582.900024,573.599976,574.900024,565.338135,430654
2017-01-11,576.950012,579.000000,569.500000,576.950012,567.354065,543706
2017-01-12,573.950012,587.799988,567.299988,586.250000,576.499329,1086059
2017-01-13,587.000000,589.099976,579.450012,583.400024,573.696777,557024
2017-01-16,577.400024,592.000000,577.400024,588.799988,579.006897,634510
2017-01-17,590.500000,592.000000,581.200012,587.250000,577.482727,737937
2017-01-18,588.799988,593.400024,577.349976,580.799988,571.140015,591422
2017-01-19,582.299988,587.400024,573.349976,580.349976,570.697510,772657
2017-01-20,583.799988,592.500000,574.400024,577.599976,567.993164,1100568
2017-01-23,574.450012,583.450012,573.000000,575.750000,566.174011,1197343
2017-01-24,574.700012,581.299988,574.099976,579.900024,570.255005,527089
2017-01-25,581.250000,588.849976,577.650024,585.650024,575.909363,888914
2017-01-27,584.700012,591.400024,579.450012,580.150024,570.500793,622149
2017-01-30,578.700012,584.549988,577.150024,582.250000,572.565857,589553
2017-01-31,581.549988,583.000000,572.599976,575.349976,565.780579,712955
2017-02-01,573.000000,579.250000,566.299988,572.150024,562.633850,873328
2017-02-02,575.000000,587.000000,567.049988,584.349976,574.630859,1033116
2017-02-03,584.299988,611.500000,580.400024,607.900024,597.789246,2491068
2017-02-06,610.349976,621.250000,599.099976,601.599976,591.593994,2513820
2017-02-07,601.799988,608.000000,594.599976,597.549988,587.611389,1084820
2017-02-08,600.000000,609.000000,597.750000,603.200012,593.167419,2122225
2017-02-09,611.000000,611.549988,584.450012,587.650024,577.876038,4192748
2017-02-10,592.000000,593.750000,576.799988,579.950012,570.304138,1485266
2017-02-13,582.700012,585.400024,576.049988,582.650024,572.959229,946922
2017-02-14,582.000000,586.599976,574.099976,576.049988,566.468994,816754
2017-02-15,577.500000,578.650024,571.150024,574.250000,564.698914,1441907
2017-02-16,575.000000,585.400024,574.500000,584.599976,574.876770,1156826
2017-02-17,585.900024,596.450012,580.650024,593.250000,583.382935,1209276
2017-02-20,593.200012,597.750000,582.000000,592.750000,582.891235,1008015
2017-02-21,591.900024,595.000000,588.500000,593.099976,583.235352,712028
2017-02-22,592.200012,592.900024,586.000000,589.250000,579.449463,942703
2017-02-23,589.299988,594.200012,586.049988,592.400024,582.547058,1263865
2017-02-27,592.000000,594.900024,581.349976,585.250000,575.515930,867683
2017-02-28,587.700012,592.799988,582.599976,583.700012,573.991760,749802
2017-03-01,585.700012,592.900024,584.200012,586.299988,576.548462,808027
2017-03-02,588.299988,591.950012,586.400024,589.250000,579.449463,1571599
2017-03-03,588.950012,596.700012,585.000000,588.599976,578.810181,759454
2017-03-06,592.000000,595.000000,588.200012,590.099976,580.285278,943409
2017-03-07,591.700012,591.700012,586.099976,588.049988,578.269470,475240
2017-03-08,591.750000,593.349976,583.049988,591.849976,582.006226,1055453
2017-03-09,588.799988,593.450012,585.250000,589.200012,579.400269,690612
2017-03-10,589.200012,591.500000,587.049988,589.099976,579.301941,558480
2017-03-14,597.000000,601.500000,590.349976,600.200012,590.217285,1324778
2017-03-15,602.000000,605.849976,598.549988,600.200012,590.217285,1479366
2017-03-16,605.099976,605.900024,598.049988,601.400024,591.397461,852049
2017-03-17,604.500000,604.500000,594.250000,597.299988,587.365540,2189719
2017-03-20,597.500000,601.500000,593.450012,596.299988,586.382202,1027093
2017-03-21,598.500000,598.500000,590.299988,591.849976,582.006226,861663
2017-03-22,588.900024,598.450012,587.900024,595.200012,585.300537,1018355
2017-03-23,595.799988,598.200012,582.200012,596.250000,586.333008,1555876
2017-03-24,595.000000,598.250000,591.500000,593.950012,584.071228,930175
2017-03-27,597.000000,597.000000,590.000000,592.099976,582.252014,1038435
2017-03-28,592.000000,596.000000,591.450012,594.150024,584.267944,772698
2017-03-29,595.000000,596.549988,591.900024,593.150024,583.284607,1047812
2017-03-30,594.500000,600.849976,591.799988,598.349976,588.398071,2096305
2017-03-31,598.000000,598.900024,591.000000,592.950012,583.087891,2242680
2017-04-03,595.299988,595.299988,590.099976,592.650024,582.792969,758083
2017-04-05,600.000000,603.900024,590.450012,593.049988,583.186157,1926049
2017-04-06,591.500000,593.650024,587.049988,590.299988,580.481934,1436914
2017-04-07,590.349976,593.450012,585.150024,590.000000,580.187012,1958876
2017-04-10,591.000000,594.200012,588.250000,589.650024,579.842773,1177737
2017-04-11,590.000000,591.650024,575.099976,580.049988,570.402405,2103296
2017-04-12,575.000000,582.000000,570.650024,579.400024,569.763306,1188457
2017-04-13,580.500000,582.950012,574.700012,577.250000,567.649048,1038273
2017-04-17,580.000000,580.000000,573.049988,576.500000,566.911499,487497
2017-04-18,576.500000,578.250000,573.250000,575.799988,566.223145,1062574
2017-04-19,576.000000,577.000000,572.750000,575.400024,565.829773,1078477
2017-04-20,576.000000,577.200012,573.299988,574.049988,564.502258,1339006
2017-04-21,573.000000,574.000000,562.700012,564.450012,555.061951,1256922
2017-04-24,565.000000,565.099976,553.650024,557.049988,547.784912,1997176
2017-04-25,556.950012,561.599976,550.299988,552.950012,543.753174,1543039
2017-04-26,549.799988,561.000000,545.400024,556.750000,547.489990,1425158
2017-04-27,560.000000,564.799988,555.049988,561.700012,552.357666,2343761
2017-04-28,561.950012,561.950012,555.000000,557.450012,548.178406,865584
2017-05-02,558.000000,559.000000,553.799988,555.349976,546.113220,1380964
2017-05-03,554.599976,558.349976,553.200012,556.049988,546.801697,798476
2017-05-04,557.599976,557.599976,548.200012,549.950012,540.803101,1271612
2017-05-05,549.000000,554.400024,544.150024,549.950012,540.803101,560799
2017-05-08,549.950012,554.799988,546.500000,551.549988,542.376465,302450
2017-05-09,552.000000,554.000000,545.049988,552.950012,543.753174,652189
2017-05-10,552.849976,562.549988,551.250000,561.049988,551.718445,718502
2017-05-11,562.450012,565.000000,558.299988,561.950012,552.603516,566621
2017-05-12,560.099976,569.849976,557.150024,567.950012,558.503784,725246
2017-05-15,567.000000,572.450012,561.000000,569.000000,559.536255,606569
2017-05-16,566.650024,570.000000,564.000000,565.599976,556.192810,330195
2017-05-17,565.099976,566.000000,560.049988,562.349976,552.996826,895238
2017-05-18,559.299988,564.950012,556.799988,560.099976,550.784241,2155599
2017-05-19,561.299988,566.650024,558.650024,564.950012,555.553589,685662
2017-05-22,567.000000,567.700012,553.099976,563.099976,553.734314,948063
2017-05-23,558.599976,558.799988,531.250000,533.200012,524.331665,1225772
2017-05-24,531.000000,536.349976,514.000000,519.650024,511.007111,1340656
2017-05-25,522.000000,525.000000,496.399994,504.000000,495.617340,4378940
2017-05-26,483.000000,504.750000,480.200012,488.899994,480.768494,7010307
2017-05-29,492.000000,507.500000,488.899994,505.350006,496.944885,4118338
2017-05-30,504.799988,517.599976,501.399994,510.500000,502.009247,1047968
2017-05-31,514.799988,520.099976,505.000000,516.349976,507.761871,1366315
2017-06-01,519.700012,529.900024,513.049988,515.549988,506.975220,1433241
2017-06-02,517.700012,533.900024,517.700012,530.049988,521.234070,2152367
2017-06-05,531.299988,536.700012,528.000000,534.799988,525.905029,802335
2017-06-06,537.700012,539.549988,522.349976,534.650024,525.757568,765557
2017-06-07,536.400024,543.450012,530.700012,540.200012,531.215271,719071
2017-06-08,538.750000,554.700012,537.099976,550.150024,540.999756,1396596
2017-06-09,554.500000,555.799988,545.250000,551.099976,541.933960,867969
2017-06-12,549.000000,555.200012,544.549988,553.349976,544.146484,910344
2017-06-13,553.349976,555.000000,546.549988,551.549988,542.376465,946713
2017-06-14,551.500000,554.500000,536.349976,539.900024,530.920227,1176535
2017-06-15,539.700012,550.900024,537.049988,549.450012,540.311462,826366
2017-06-16,548.000000,551.950012,535.049988,536.750000,527.822632,1127326
2017-06-19,537.099976,542.500000,524.000000,539.750000,530.772766,1723168
2017-06-20,539.750000,549.500000,536.000000,547.849976,538.738037,774728
2017-06-21,544.500000,546.000000,535.200012,541.000000,532.001953,784293
2017-06-22,540.000000,545.549988,539.049988,540.150024,531.166138,750732
2017-06-23,540.900024,544.000000,538.299988,541.150024,532.149536,603986
2017-06-27,542.500000,551.599976,533.099976,534.650024,525.757568,1038604
2017-06-28,535.400024,538.650024,531.000000,536.849976,527.920959,601643
2017-06-29,538.450012,546.950012,534.250000,543.750000,534.706177,1252382
2017-06-30,545.000000,558.900024,542.500000,555.599976,546.359131,830751
2017-07-03,559.000000,559.900024,548.849976,551.849976,542.671387,490390
2017-07-04,557.700012,558.000000,543.299988,545.049988,535.984619,559358
2017-07-05,546.099976,547.799988,541.450012,545.900024,536.820496,833105
2017-07-06,546.349976,547.900024,540.099976,542.849976,533.821167,556426
2017-07-07,542.599976,552.000000,541.500000,547.150024,538.049683,893680
2017-07-10,560.000000,560.000000,546.099976,549.200012,540.065552,123363
2017-07-11,550.500000,552.650024,536.049988,538.450012,529.494324,1526837
2017-07-12,539.450012,543.500000,537.000000,539.950012,530.969421,1039208
2017-07-13,540.200012,544.450012,538.849976,543.650024,534.607849,694180
2017-07-14,544.250000,551.150024,540.849976,548.049988,538.934631,960041
2017-07-17,549.000000,559.000000,546.700012,556.500000,547.244141,692893
2017-07-18,558.000000,567.000000,555.099976,559.750000,550.440125,1319574
2017-07-19,560.200012,569.450012,560.200012,568.250000,558.798706,761444
2017-07-20,569.000000,577.000000,562.650024,571.900024,562.388000,1090882
2017-07-21,570.000000,570.000000,560.150024,566.200012,556.782837,672906
2017-07-24,564.000000,575.500000,562.099976,569.750000,560.273804,873677
2017-07-25,571.000000,571.400024,562.400024,564.400024,555.012817,510032
2017-07-26,564.700012,577.450012,563.500000,575.450012,567.891357,864728
2017-07-27,573.700012,579.400024,565.000000,568.700012,561.230042,1853099
2017-07-28,566.750000,570.900024,556.500000,566.099976,558.664185,907951
2017-07-31,567.549988,568.950012,556.799988,560.099976,552.742981,753415
2017-08-01,560.099976,565.900024,558.500000,562.450012,555.062134,712732
2017-08-02,562.849976,570.900024,560.000000,568.549988,561.081970,664681
2017-08-03,568.549988,575.000000,553.799988,557.150024,549.831726,1065451
2017-08-04,551.900024,571.700012,543.049988,568.700012,561.230042,1004233
2017-08-07,566.500000,571.099976,553.000000,566.500000,559.058899,769606
2017-08-08,560.799988,580.000000,560.799988,578.599976,571.000000,1367344
2017-08-09,581.000000,581.000000,557.250000,561.849976,554.469910,1801630
2017-08-10,560.000000,569.849976,541.500000,548.200012,540.999329,1217416
2017-08-11,545.000000,563.700012,525.450012,541.400024,534.288635,4337214
2017-08-14,560.000000,576.000000,552.099976,570.049988,562.562256,4029605
2017-08-16,569.500000,593.700012,561.049988,590.450012,582.694336,1838012
2017-08-17,593.400024,594.000000,569.900024,573.200012,565.670959,1422631
2017-08-18,573.400024,575.799988,560.200012,565.299988,557.874695,1680225
2017-08-21,566.900024,570.000000,555.150024,561.750000,554.371338,1222907
2017-08-22,562.049988,567.650024,558.000000,559.250000,551.904114,848353
2017-08-23,561.700012,565.000000,556.650024,559.150024,551.805481,848822
2017-08-24,559.000000,575.750000,557.299988,574.049988,566.509766,1866440
2017-08-28,575.500000,581.000000,570.549988,574.099976,566.559082,905222
2017-08-29,570.549988,574.049988,564.500000,568.900024,561.427429,608351
2017-08-30,574.000000,576.000000,565.500000,566.349976,558.910828,596376
2017-08-31,570.000000,578.000000,562.000000,571.900024,564.388062,1908728
2017-09-01,573.000000,577.349976,565.099976,568.400024,560.934021,891591
2017-09-04,574.500000,577.000000,557.549988,561.700012,554.322021,1731377
2017-09-05,564.700012,565.849976,556.900024,559.599976,552.249512,928770
2017-09-06,558.900024,560.599976,553.849976,558.299988,550.966614,581901
2017-09-07,560.000000,561.000000,551.299988,554.200012,546.920471,885205
2017-09-08,554.500000,558.000000,549.150024,552.000000,544.749390,775272
2017-09-11,555.099976,558.150024,550.000000,553.849976,546.575012,523800
2017-09-12,554.400024,562.799988,543.349976,560.500000,553.137695,1330724
2017-09-13,556.000000,562.099976,552.549988,554.400024,547.117859,1159840
2017-09-14,556.000000,567.299988,555.450012,565.950012,558.516174,1600717
2017-09-15,564.849976,565.750000,556.549988,561.400024,554.025940,926019
2017-09-18,563.200012,572.150024,560.650024,570.700012,563.203735,649831
2017-09-19,571.700012,574.500000,564.500000,573.400024,565.868286,675306
2017-09-20,572.500000,573.799988,565.200012,569.700012,562.216919,759531
2017-09-21,570.049988,594.000000,570.049988,591.900024,584.125305,3102522
2017-09-22,591.900024,600.000000,582.450012,585.349976,577.661316,4003845
2017-09-25,581.900024,594.400024,564.349976,577.200012,569.618347,2389495
2017-09-26,582.000000,582.000000,570.000000,579.000000,571.394714,978323
2017-09-27,579.599976,580.700012,563.000000,570.099976,562.611572,561243
2017-09-28,565.000000,589.000000,564.150024,582.650024,574.996826,2993535
2017-09-29,580.000000,592.000000,577.750000,586.099976,578.401428,1021610
2017-10-03,590.099976,592.750000,575.500000,578.900024,571.296082,522462
2017-10-04,579.900024,587.400024,579.299988,581.049988,573.417786,631463
2017-10-05,583.000000,590.000000,579.049988,585.349976,577.661316,647977
2017-10-06,586.099976,589.200012,582.849976,585.400024,577.710693,462656
2017-10-09,584.900024,595.500000,578.500000,585.549988,577.858643,1116280
2017-10-10,590.000000,593.450012,585.549988,590.150024,582.398254,741493
2017-10-11,591.000000,594.000000,579.549988,586.150024,578.450867,1053561
2017-10-12,589.450012,593.349976,580.299988,589.650024,581.904846,751507
2017-10-13,590.299988,598.250000,588.299988,592.849976,585.062805,936015
2017-10-16,595.000000,608.900024,594.299988,606.750000,598.780273,1716771
2017-10-17,606.000000,635.900024,602.000000,632.099976,623.797180,2563968
2017-10-18,631.000000,631.000000,609.000000,611.000000,602.974365,1185323
2017-10-19,613.950012,613.950012,602.049988,607.799988,599.816406,151609
2017-10-23,613.000000,619.450012,589.500000,592.900024,585.112183,1413195
2017-10-24,600.299988,600.650024,591.299988,595.049988,587.233948,1138645
2017-10-25,599.000000,604.000000,589.500000,592.650024,584.865479,991374
2017-10-26,595.400024,616.799988,592.549988,611.500000,603.467834,2002276
2017-10-27,625.000000,629.799988,616.200012,625.049988,616.839844,2198491
2017-10-30,623.250000,630.000000,614.549988,626.049988,617.826660,1045267
2017-10-31,629.000000,634.900024,621.599976,627.599976,619.356384,1522851
2017-11-01,628.250000,633.349976,621.150024,626.750000,618.517517,1359809
2017-11-02,626.400024,642.799988,625.150024,636.000000,627.645996,2058898
2017-11-03,640.000000,648.150024,629.549988,640.099976,631.692139,1722647
2017-11-06,637.099976,661.000000,636.900024,654.799988,646.199097,2195805
2017-11-07,663.400024,663.400024,602.000000,607.549988,599.569702,7331364
2017-11-08,624.849976,637.799988,620.000000,622.599976,614.421997,5570213
2017-11-09,624.000000,628.000000,611.599976,614.549988,606.477722,1809019
2017-11-10,617.500000,621.500000,603.650024,609.299988,601.296753,1400233
2017-11-13,610.299988,611.299988,595.700012,602.099976,594.191284,1109147
2017-11-14,598.000000,613.299988,598.000000,602.450012,594.536682,1498244
2017-11-15,602.650024,607.950012,590.200012,593.650024,585.852295,1171698
2017-11-16,595.349976,599.450012,590.000000,592.849976,585.062805,1228065
2017-11-17,607.000000,614.900024,600.650024,608.549988,600.556580,1448847
2017-11-20,605.549988,608.000000,596.099976,604.250000,596.313049,1609788
2017-11-21,607.000000,624.000000,607.000000,616.099976,608.007446,2222545
2017-11-22,616.900024,625.700012,614.000000,619.250000,611.116028,2014698
2017-11-23,619.250000,625.200012,615.000000,617.599976,609.487671,792383
2017-11-24,619.500000,623.900024,613.250000,615.700012,607.612671,1118354
2017-11-27,617.000000,619.900024,611.049988,614.799988,606.724548,1388114
2017-11-28,616.000000,621.700012,609.799988,611.799988,603.763855,1486189
2017-11-29,615.000000,619.400024,605.250000,607.900024,599.915161,1465289
2017-11-30,605.000000,607.849976,597.049988,600.900024,593.007141,1612910
2017-12-01,604.500000,606.000000,593.700012,598.099976,590.243774,747562
2017-12-04,599.299988,602.799988,588.799988,596.700012,588.862244,660077
2017-12-05,595.000000,599.849976,591.750000,596.450012,588.615540,979009
2017-12-06,595.799988,603.799988,594.500000,596.450012,588.615540,919271
2017-12-07,598.000000,600.000000,588.299988,593.450012,585.654968,752359
2017-12-08,595.000000,607.000000,592.450012,603.099976,595.178162,606123
2017-12-11,612.000000,612.950012,597.200012,603.650024,595.721008,850998
2017-12-12,604.700012,606.000000,590.000000,591.650024,583.878662,762200
2017-12-13,591.500000,598.150024,576.349976,578.150024,570.555908,1197264
2017-12-14,580.000000,593.700012,575.099976,590.450012,582.694336,1428906
2017-12-15,597.000000,597.000000,573.200012,576.450012,568.878296,4312419
2017-12-18,578.400024,594.900024,571.650024,591.650024,583.878662,2379562
2017-12-19,592.450012,605.700012,592.450012,603.900024,595.967651,1474696
2017-12-20,605.700012,611.000000,597.750000,600.650024,592.760315,1068145
2017-12-21,602.950012,608.700012,596.000000,599.799988,591.921509,1274585
2017-12-22,603.000000,604.000000,598.849976,601.200012,593.303162,668806
2017-12-26,604.049988,614.900024,596.099976,611.750000,603.714600,1239536
2017-12-27,613.000000,623.750000,610.200012,612.650024,604.602722,1765029
2017-12-28,614.000000,616.150024,603.200012,606.049988,598.089355,1428319
2017-12-29,606.150024,611.900024,604.099976,608.500000,600.507263,702774
2018-01-01,608.000000,617.849976,607.000000,611.500000,603.467834,873546
2018-01-02,614.200012,619.000000,605.500000,607.799988,599.816406,1038258
2018-01-03,611.000000,613.900024,604.549988,606.799988,598.829590,771828
2018-01-04,609.450012,618.400024,603.450012,616.750000,608.648865,990602
2018-01-05,617.000000,619.849976,611.099976,615.150024,607.069946,1072254
2018-01-08,618.500000,627.500000,612.200012,615.049988,606.971191,1061612
2018-01-09,617.000000,618.650024,610.650024,615.599976,607.513916,846158
2018-01-10,616.000000,624.150024,612.849976,619.750000,611.609497,1207313
2018-01-11,619.000000,619.000000,609.099976,612.349976,604.306580,1092456
2018-01-12,614.000000,618.400024,603.099976,612.099976,604.059937,891848
2018-01-15,612.500000,615.500000,608.200012,610.250000,602.234253,470386
2018-01-16,610.150024,613.500000,599.000000,601.400024,593.500549,1088762
2018-01-17,601.049988,610.599976,597.049988,607.150024,599.174988,883340
2018-01-18,608.099976,612.950012,598.250000,603.650024,595.721008,1028921
2018-01-19,603.650024,605.099976,600.150024,602.750000,594.832764,818518
2018-01-22,604.400024,605.000000,593.099976,601.150024,593.253784,933769
2018-01-23,602.500000,625.000000,600.299988,622.349976,614.175293,2105060
2018-01-24,621.950012,623.750000,612.900024,618.299988,610.178528,1089562
2018-01-25,618.150024,631.000000,613.700012,621.400024,613.237793,2973765
2018-01-29,624.950012,628.400024,611.099976,615.000000,606.921875,1564268
2018-01-30,613.000000,613.099976,603.200012,605.950012,597.990784,596682
2018-01-31,608.000000,608.500000,590.000000,592.150024,584.372009,1264055
2018-02-01,591.900024,597.000000,580.200012,587.049988,579.338989,1050098
2018-02-02,586.000000,593.900024,575.099976,581.150024,573.516541,998752
2018-02-05,576.000000,582.099976,571.200012,580.099976,572.480225,797017
2018-02-06,561.000000,572.000000,558.049988,564.250000,556.838440,1284112
2018-02-07,578.500000,579.900024,554.200012,569.250000,561.772827,3161498
2018-02-08,584.000000,617.150024,580.150024,612.650024,604.602722,8349913
2018-02-09,595.000000,626.000000,595.000000,621.400024,613.237793,2373799
2018-02-12,629.349976,635.000000,618.849976,621.650024,613.484497,1957424
2018-02-14,622.099976,630.299988,611.500000,616.150024,608.056824,1306512
2018-02-15,613.250000,621.450012,602.950012,605.849976,597.892029,1391858
2018-02-16,611.299988,613.950012,605.500000,611.099976,603.073059,906025
2018-02-19,612.000000,612.150024,594.349976,600.400024,592.513672,1216005
2018-02-20,603.450012,606.099976,592.000000,603.450012,595.523560,1599249
2018-02-21,607.000000,607.750000,589.250000,597.250000,589.405029,1409752
2018-02-22,595.000000,597.250000,586.599976,589.650024,581.904846,1859008
2018-02-23,591.799988,605.000000,590.000000,595.650024,587.826050,1576584
2018-02-26,596.250000,598.299988,588.750000,590.099976,582.348877,1417465
2018-02-27,591.700012,598.900024,583.099976,586.500000,578.796204,1349590
2018-02-28,590.000000,596.599976,587.099976,589.650024,581.904846,2255189
2018-03-01,593.900024,593.900024,580.400024,581.700012,574.059265,1343806
2018-03-05,582.099976,585.000000,578.049988,579.250000,571.641418,1179725
2018-03-06,581.599976,589.400024,580.049988,584.099976,576.427673,1891302
2018-03-07,587.450012,589.099976,578.200012,580.200012,572.578979,1849650
2018-03-08,584.000000,584.000000,574.000000,578.000000,570.407837,1084582
2018-03-09,579.950012,585.200012,568.049988,571.049988,563.549133,1149194
2018-03-12,575.049988,582.200012,563.549988,580.650024,573.023071,919792
2018-03-13,579.000000,582.900024,575.150024,578.750000,571.148010,801792
2018-03-14,578.349976,583.799988,571.650024,577.900024,570.309204,811747
2018-03-15,578.000000,579.599976,569.000000,571.150024,563.647827,849222
2018-03-16,570.099976,574.000000,557.049988,559.400024,552.052185,1867538
2018-03-19,563.650024,566.900024,555.400024,559.750000,552.397522,1447941
2018-03-20,555.099976,561.849976,522.900024,552.900024,545.637573,9119209
2018-03-21,558.500000,567.450012,546.400024,551.049988,543.811829,3091963
2018-03-22,551.900024,555.000000,538.150024,540.750000,533.647156,1506405
2018-03-23,539.000000,540.700012,534.000000,538.400024,531.328064,1203262
2018-03-26,538.150024,544.599976,532.950012,541.799988,534.683350,1105319
2018-03-27,541.000000,549.000000,541.000000,545.049988,537.890686,2206872
2018-03-28,544.000000,548.799988,534.000000,545.450012,538.285400,2667979
2018-04-02,548.000000,578.950012,545.900024,576.250000,568.680847,2823880
2018-04-03,572.000000,578.349976,568.799988,570.299988,562.808960,2493190
2018-04-04,572.349976,575.450012,564.500000,569.799988,562.315552,1852997
2018-04-05,574.000000,578.549988,558.349976,560.349976,552.989685,2396864
2018-04-06,560.299988,571.000000,557.250000,558.950012,551.608154,2420324
2018-04-09,565.900024,565.900024,555.500000,556.750000,549.437012,1470765
2018-04-10,558.000000,567.000000,556.599976,558.150024,550.818665,1591682
2018-04-11,560.700012,564.000000,558.500000,561.500000,554.124573,1789789
2018-04-12,562.900024,562.950012,554.799988,556.150024,548.844849,1309557
2018-04-13,557.549988,561.150024,552.549988,555.500000,548.203430,1019158
2018-04-16,553.049988,587.799988,553.049988,584.950012,577.266602,6741354
2018-04-17,585.549988,588.349976,575.700012,579.950012,572.332275,2688507
2018-04-18,582.000000,597.000000,582.000000,584.599976,576.921143,3853951
2018-04-19,584.250000,592.000000,583.049988,584.400024,576.723877,1525419
2018-04-20,582.349976,593.400024,581.500000,589.049988,581.312622,1641179
2018-04-23,576.000000,601.750000,576.000000,600.150024,592.266907,3016500
2018-04-24,601.000000,604.900024,595.099976,601.900024,593.993958,2782988
2018-04-25,600.500000,600.500000,586.200012,593.049988,585.260132,1125208
2018-04-26,591.000000,602.900024,590.549988,599.950012,592.069580,1503008
2018-04-27,602.000000,607.000000,593.000000,599.849976,591.970825,1031376
2018-04-30,602.200012,609.000000,602.000000,607.400024,599.421692,687828
2018-05-02,610.000000,621.900024,608.950012,612.000000,603.961243,1862999
2018-05-03,613.000000,613.099976,597.000000,609.299988,601.296753,999887
2018-05-04,612.099976,612.450012,595.500000,597.000000,589.158325,925559
2018-05-07,598.599976,600.099976,585.000000,591.049988,583.286438,1046885
2018-05-08,592.400024,601.950012,586.549988,590.650024,582.891724,1039491
2018-05-09,591.400024,596.000000,585.549988,588.000000,580.276550,652527
2018-05-10,594.000000,594.599976,572.500000,575.500000,567.940735,2163326
2018-05-11,577.049988,580.750000,565.099976,573.700012,566.164368,921890
2018-05-14,575.000000,580.500000,570.849976,578.500000,570.901245,888370
2018-05-15,579.799988,593.000000,573.099976,575.799988,568.236755,2049528
2018-05-16,575.000000,575.000000,546.000000,559.900024,552.545654,4071898
2018-05-17,557.900024,560.000000,538.799988,553.750000,546.476318,3719963
2018-05-18,555.000000,556.000000,530.000000,533.049988,526.048340,1708157
2018-05-21,531.650024,536.799988,516.000000,520.450012,513.613831,2013336
2018-05-22,524.799988,531.099976,507.200012,524.000000,517.117188,3080285
2018-05-23,515.000000,564.900024,515.000000,532.400024,525.406860,7413823
2018-05-24,536.500000,544.549988,530.000000,533.500000,526.492371,1925524
2018-05-25,538.849976,538.849976,527.500000,536.650024,529.601074,1525355
2018-05-28,534.000000,548.299988,534.000000,539.500000,532.413513,1460566
2018-05-29,539.099976,542.599976,527.700012,530.599976,523.630371,2656979
2018-05-30,529.099976,529.099976,519.549988,525.599976,518.696167,2156315
2018-05-31,528.599976,533.650024,521.049988,524.799988,517.906616,3539206
2018-06-01,526.950012,530.750000,521.049988,524.500000,517.610596,1625446
2018-06-04,527.500000,529.000000,517.150024,520.700012,513.860474,1247023
2018-06-05,520.299988,544.750000,517.700012,542.099976,534.979370,3398337
2018-06-06,542.099976,548.000000,533.400024,538.450012,531.377380,2909756
2018-06-07,541.950012,542.549988,537.200012,540.700012,533.597839,1119973
2018-06-08,541.799988,562.000000,538.750000,559.650024,552.298889,4815940
2018-06-11,560.000000,570.000000,559.000000,560.799988,553.433777,3113604
2018-06-12,561.900024,573.000000,561.000000,567.099976,559.651062,3234303
2018-06-13,569.950012,593.500000,569.950012,582.099976,574.454041,4657712
2018-06-14,588.950012,592.900024,583.500000,588.049988,580.325867,3244655
2018-06-15,590.000000,614.549988,589.799988,611.599976,603.566528,7125922
2018-06-18,612.000000,618.799988,600.299988,606.500000,598.533447,2518169
2018-06-19,606.250000,610.450012,598.200012,601.849976,593.944580,2992184
2018-06-20,613.000000,622.750000,600.349976,602.849976,594.931396,9121187
2018-06-21,608.799988,609.700012,602.000000,603.500000,595.572937,3052143
2018-06-22,604.000000,618.049988,595.250000,615.750000,607.661987,3245849
2018-06-25,615.099976,622.549988,608.000000,611.400024,603.369202,3253606
2018-06-26,606.000000,608.700012,597.250000,599.500000,591.625427,2323337
2018-06-27,602.500000,606.950012,593.000000,602.299988,594.388672,2520918
2018-06-28,604.500000,609.900024,596.000000,600.900024,593.007141,4173735
2018-06-29,601.500000,619.900024,599.900024,616.650024,608.550232,1525608
2018-07-02,620.000000,620.000000,611.000000,617.000000,608.895569,1502606
2018-07-03,617.000000,644.650024,608.049988,640.400024,631.988220,5271600
2018-07-04,644.950012,648.000000,623.799988,628.900024,620.639343,5043141
2018-07-05,632.000000,637.000000,623.099976,626.549988,618.320129,2127794
2018-07-06,624.900024,631.000000,610.400024,612.500000,604.454712,2514518
2018-07-09,616.849976,625.000000,615.000000,622.900024,614.718140,1462808
2018-07-10,626.599976,633.900024,620.150024,632.049988,623.747864,1872744
2018-07-11,626.299988,630.500000,621.299988,625.299988,617.086548,1669583
2018-07-12,629.400024,636.700012,622.700012,633.349976,625.030762,2177684
2018-07-13,634.000000,634.000000,624.200012,626.700012,618.468201,1475306
2018-07-16,629.400024,636.000000,611.150024,620.950012,612.793762,2211200
2018-07-17,621.900024,639.599976,620.099976,637.450012,629.076965,2228377
2018-07-18,640.000000,644.000000,625.099976,627.400024,619.158936,2348371
2018-07-19,629.799988,632.099976,606.150024,610.099976,602.086243,1424272
2018-07-20,614.950012,630.000000,602.150024,625.799988,617.579956,2832150
2018-07-23,623.150024,637.299988,617.250000,634.099976,625.770935,1553101
2018-07-24,633.950012,633.950012,624.500000,627.349976,619.109619,1319369
2018-07-25,629.000000,631.000000,613.450012,623.900024,615.704956,1413265
2018-07-26,619.000000,631.250000,617.450012,627.849976,619.603027,3163498
2018-07-27,627.750000,641.900024,625.900024,636.200012,627.843445,1508269
2018-07-30,633.000000,636.250000,628.000000,634.299988,625.968323,990056
2018-07-31,636.950012,647.000000,628.099976,641.349976,632.925720,2469759
2018-08-01,641.000000,641.549988,635.000000,639.150024,630.754639,2411436
2018-08-02,635.000000,651.900024,633.049988,638.500000,630.113220,3974559
2018-08-03,640.950012,647.599976,639.000000,641.049988,632.629700,1530339
2018-08-06,647.000000,648.799988,635.299988,637.950012,629.570435,2716402
2018-08-07,642.900024,642.900024,627.099976,629.450012,621.182068,2414266
2018-08-08,629.000000,645.450012,623.599976,632.549988,624.241333,4121062
2018-08-09,649.000000,662.500000,616.700012,619.150024,611.017334,9996909
2018-08-10,624.950012,628.500000,614.500000,621.049988,612.892395,3168280
2018-08-13,622.000000,631.549988,619.200012,628.299988,623.056885,2374657
2018-08-14,629.099976,647.000000,624.000000,642.750000,637.386230,2451003
2018-08-16,644.700012,660.000000,634.250000,648.349976,642.939514,3925549
2018-08-17,650.049988,655.500000,643.700012,646.900024,641.501648,2915387
2018-08-20,649.900024,653.500000,642.400024,643.849976,638.477112,1296664
2018-08-21,647.900024,654.450012,644.000000,650.250000,644.823669,1981523
2018-08-23,653.450012,665.000000,652.700012,657.950012,652.459412,2891829
2018-08-24,658.000000,658.000000,645.000000,651.200012,645.765808,1904031
2018-08-27,653.000000,662.500000,648.200012,659.599976,654.095642,1381724
2018-08-28,662.000000,677.500000,644.650024,648.299988,642.889954,5237362
2018-08-29,650.000000,653.650024,640.000000,643.500000,638.130005,1891523
2018-08-30,645.000000,651.900024,640.500000,649.450012,644.030396,2124122
2018-08-31,649.549988,664.000000,649.549988,662.150024,656.624390,3056580
2018-09-03,665.500000,671.200012,646.599976,649.099976,643.683289,1971733
2018-09-04,649.799988,655.000000,638.400024,643.900024,638.526672,2249087
2018-09-05,645.049988,650.900024,637.200012,646.549988,641.154541,2542543
2018-09-06,651.000000,664.700012,647.000000,662.099976,656.574768,2841096
2018-09-07,663.849976,669.500000,656.299988,664.750000,659.202637,2431363
2018-09-10,665.000000,678.000000,664.000000,668.049988,662.475098,3453432
2018-09-11,670.099976,675.000000,650.599976,654.900024,649.434937,3399042
2018-09-12,654.900024,662.000000,643.250000,656.450012,650.971985,3302191
2018-09-14,664.000000,670.000000,659.049988,666.400024,660.838928,1512857
2018-09-17,673.000000,673.000000,660.400024,664.900024,659.351440,2220455
2018-09-18,665.000000,673.000000,660.599976,663.700012,658.161438,1814726
2018-09-19,668.000000,678.450012,645.750000,660.599976,655.087341,3043018
2018-09-21,668.000000,671.549988,638.400024,653.200012,647.749084,2276641
2018-09-24,662.000000,668.950012,640.799988,645.599976,640.212463,2766326
2018-09-25,644.000000,665.799988,643.000000,661.750000,656.227722,2295464
2018-09-26,664.450012,675.250000,656.000000,672.799988,667.185486,2131833
2018-09-27,675.000000,677.000000,655.950012,659.349976,653.847717,3433359
2018-09-28,659.349976,663.000000,647.200012,654.049988,648.591980,1862405
2018-10-01,653.049988,659.000000,643.500000,654.150024,648.691162,1309530
2018-10-03,650.000000,663.950012,650.000000,654.549988,649.087769,1533990
2018-10-04,650.099976,654.650024,632.099976,638.400024,633.072632,1736407
2018-10-05,635.299988,649.549988,631.000000,636.650024,631.337219,1806150
2018-10-08,636.599976,642.650024,628.450012,638.799988,633.469238,1564640
2018-10-09,639.500000,643.099976,625.250000,639.349976,634.014648,1535781
2018-10-10,639.349976,651.000000,633.299988,639.599976,634.262512,1881053
2018-10-11,627.500000,633.799988,613.049988,616.200012,611.057861,1707508
2018-10-12,620.000000,627.200012,612.599976,622.900024,617.701965,2085360
2018-10-15,623.000000,649.799988,618.049988,647.849976,642.443726,2666868
2018-10-16,647.849976,651.650024,637.349976,639.750000,634.411316,1510216
2018-10-17,644.900024,646.000000,637.000000,640.450012,635.105469,1280980
2018-10-19,640.299988,645.549988,626.099976,633.799988,628.510925,2267774
2018-10-22,635.200012,640.650024,626.849976,629.650024,624.395630,1399755
2018-10-23,628.799988,632.000000,616.000000,622.349976,617.156494,1370461
2018-10-24,625.500000,635.000000,615.599976,621.299988,616.115295,987144
2018-10-25,618.549988,624.000000,605.150024,609.000000,603.917908,5739386
2018-10-26,609.200012,612.349976,598.650024,603.700012,598.662170,1935618
2018-10-29,602.349976,638.200012,601.450012,635.150024,629.849731,1614423
2018-10-30,636.000000,636.700012,608.099976,610.349976,605.256653,2418471
2018-10-31,612.000000,631.750000,606.299988,629.250000,623.998901,2305046
2018-11-01,630.000000,631.950012,614.000000,615.400024,610.264526,1442392
2018-11-02,619.950012,619.950012,605.500000,607.099976,602.033691,1566053
2018-11-05,607.400024,617.500000,557.099976,563.049988,558.351318,12941350
2018-11-06,555.000000,555.000000,527.349976,530.799988,526.370483,16941828
2018-11-07,536.000000,536.000000,532.099976,533.349976,528.899231,698244
2018-11-09,535.500000,535.799988,524.000000,526.950012,522.552612,6125274
2018-11-12,530.000000,541.900024,529.049988,531.849976,527.411682,7669697
2018-11-13,534.000000,534.000000,526.500000,528.099976,523.692993,2410643
2018-11-14,530.599976,532.599976,517.000000,519.549988,515.214417,2740756
2018-11-15,521.900024,525.000000,514.450012,519.150024,514.817749,2661535
2018-11-16,521.700012,534.000000,521.099976,530.599976,526.172180,3483625
2018-11-19,535.000000,536.000000,523.950012,528.250000,523.841736,1913914
2018-11-20,528.000000,529.849976,518.650024,520.700012,516.354797,1707971
2018-11-21,522.799988,528.049988,521.299988,522.150024,517.792664,1749806
2018-11-22,523.000000,525.000000,511.750000,517.950012,513.627686,2045318
2018-11-26,520.000000,523.750000,512.799988,522.099976,517.743042,1728468
2018-11-27,526.000000,526.950012,513.049988,517.650024,513.330261,2100159
2018-11-28,519.200012,523.950012,513.599976,515.299988,510.999847,2003272
2018-11-29,518.000000,526.400024,516.000000,524.700012,520.321411,2799578
2018-11-30,528.000000,542.000000,527.000000,540.849976,536.336548,3855382
2018-12-03,542.000000,545.400024,534.099976,535.799988,531.328796,2033213
2018-12-04,536.000000,549.000000,535.049988,546.450012,541.889893,3400053
2018-12-05,546.000000,548.900024,525.299988,528.450012,524.040100,2192065
2018-12-06,528.000000,528.000000,511.000000,515.299988,510.999847,2562048
2018-12-07,520.000000,530.650024,512.000000,513.599976,509.313995,3503808
2018-12-10,509.899994,514.849976,503.100006,512.549988,508.272766,2201377
2018-12-11,503.000000,523.950012,503.000000,518.700012,514.371521,2326059
2018-12-12,522.900024,534.299988,521.099976,531.299988,526.866333,1683131
2018-12-13,532.000000,533.799988,519.200012,527.000000,522.602173,2234487
2018-12-14,528.349976,533.799988,516.650024,521.750000,517.395996,1950888
2018-12-17,524.000000,529.349976,520.700012,523.650024,519.280212,1196871
2018-12-18,524.000000,527.000000,520.049988,522.900024,518.536438,1628240
2018-12-19,524.000000,528.599976,522.549988,524.750000,520.370972,1241000
2018-12-20,523.700012,526.000000,515.400024,520.250000,515.908569,2074097
2018-12-21,521.000000,523.950012,514.299988,516.650024,512.338623,1758710
2018-12-24,518.799988,520.799988,513.000000,518.799988,514.470581,1214348
2018-12-26,515.599976,519.000000,507.299988,514.299988,510.008148,1318560
2018-12-27,518.900024,521.000000,514.000000,517.900024,513.578186,1351636
2018-12-28,514.299988,525.349976,514.299988,522.000000,517.643982,1933464
2018-12-31,522.000000,526.000000,517.200012,519.500000,515.164795,1897948
2019-01-01,520.000000,524.000000,518.650024,523.049988,518.685181,1361809
2019-01-02,521.900024,522.500000,513.150024,514.549988,510.256104,1243067
2019-01-03,516.500000,520.500000,511.200012,512.400024,508.124054,2086150
2019-01-04,513.000000,514.900024,508.049988,512.799988,508.520691,1651456
2019-01-07,516.000000,517.750000,510.299988,514.049988,509.760254,1168002
2019-01-08,516.000000,517.200012,511.250000,513.650024,509.363647,1765015
2019-01-09,515.549988,516.750000,507.500000,510.100006,505.843231,1929305
2019-01-10,509.000000,514.900024,509.000000,513.250000,508.966949,1252439
2019-01-11,513.400024,519.000000,508.250000,510.200012,505.942413,2051418
2019-01-14,510.200012,514.000000,505.600006,511.950012,507.677795,1472415
2019-01-15,514.500000,515.349976,509.500000,514.950012,510.652802,1177377
2019-01-16,515.000000,515.950012,509.000000,511.500000,507.231537,1446921
2019-01-17,512.500000,514.950012,507.600006,509.600006,505.347412,1598184
2019-01-18,510.200012,513.000000,507.299988,509.399994,505.149078,1502360
2019-01-21,510.000000,514.200012,508.200012,509.250000,505.000305,1150380
2019-01-22,510.000000,511.399994,502.450012,507.100006,502.868286,1455953
2019-01-23,510.000000,511.700012,507.100006,509.299988,505.049896,1358623
2019-01-24,510.000000,510.700012,496.100006,500.700012,496.521667,1620195
2019-01-25,502.100006,508.600006,501.350006,507.649994,503.413666,1193442
2019-01-28,509.000000,509.000000,489.100006,492.149994,488.043030,3215535
2019-01-29,489.100006,507.549988,483.750000,505.049988,500.835358,2675481
2019-01-30,504.950012,507.100006,497.700012,505.799988,501.579102,1524621
2019-01-31,506.000000,519.849976,504.250000,517.299988,512.983154,2203919
2019-02-01,517.650024,522.549988,512.500000,521.349976,516.999329,1380838
2019-02-04,521.000000,521.000000,506.200012,509.600006,505.347412,1480952
2019-02-05,506.549988,514.000000,501.200012,508.000000,503.760773,4358002
2019-02-06,510.500000,546.700012,504.100006,534.950012,530.485901,8775759
2019-02-07,537.099976,546.599976,528.150024,532.900024,528.453003,4417618
2019-02-08,532.849976,543.700012,531.200012,534.250000,529.791748,2747159
2019-02-11,538.700012,545.900024,535.849976,543.299988,538.766113,2989919
2019-02-12,540.049988,545.700012,536.099976,543.299988,538.766113,2252766
2019-02-14,542.900024,556.000000,537.400024,542.900024,538.369507,2766535
2019-02-15,540.000000,551.400024,528.500000,540.549988,536.039124,2491806
2019-02-18,542.000000,545.049988,532.299988,541.150024,536.634155,1590101
2019-02-19,544.799988,545.000000,536.750000,539.650024,535.146667,1879600
2019-02-20,540.200012,543.200012,538.650024,541.099976,536.584534,1208930
2019-02-21,542.849976,547.900024,540.500000,545.500000,540.947815,1093548
2019-02-22,543.799988,546.099976,539.099976,541.299988,536.782837,1592112
2019-02-25,541.500000,550.849976,541.000000,548.299988,543.724426,1961905
2019-02-26,545.099976,553.650024,538.049988,550.400024,545.806946,1952961
2019-02-27,551.000000,555.349976,544.250000,551.900024,547.294434,2389977
2019-02-28,555.000000,558.299988,546.000000,554.549988,549.922302,2618486
2019-03-01,555.000000,555.299988,547.400024,551.549988,546.947327,2430914
2019-03-05,550.000000,551.500000,546.549988,548.650024,544.071533,1644098
2019-03-06,551.000000,552.000000,541.950012,547.549988,542.980713,1587182
2019-03-07,547.650024,550.000000,539.650024,541.349976,536.832397,1144534
2019-03-08,541.000000,543.400024,538.250000,539.950012,535.444153,2618767
2019-03-11,542.000000,542.000000,535.500000,540.099976,535.592834,2342102
2019-03-12,541.900024,543.650024,537.299988,538.750000,534.254150,2049339
2019-03-13,542.000000,542.500000,531.000000,532.799988,528.353760,1582245
2019-03-14,532.049988,534.099976,530.500000,532.750000,528.304199,1490894
2019-03-15,534.099976,535.400024,528.950012,532.599976,528.155457,2019240
2019-03-18,533.049988,535.799988,529.000000,534.500000,530.039612,1266863
2019-03-19,537.150024,537.700012,530.200012,533.650024,529.196716,874797
2019-03-20,532.000000,534.799988,531.099976,533.250000,528.800049,1255306
2019-03-22,534.900024,539.000000,523.599976,526.799988,522.403870,1579084
2019-03-25,525.599976,528.700012,516.200012,526.849976,522.453430,1874898
2019-03-26,528.500000,532.500000,525.700012,529.299988,524.882996,3044792
2019-03-27,531.400024,533.599976,524.049988,525.500000,521.114746,1217387
2019-03-28,525.299988,527.349976,522.299988,525.599976,521.213867,4133379
2019-04-01,516.299988,528.750000,516.299988,525.650024,521.263489,4091454
2019-04-02,529.950012,529.950012,521.150024,522.650024,518.288513,1268431
2019-04-03,523.000000,524.799988,519.099976,520.450012,516.106873,3276338
2019-04-04,519.000000,522.000000,517.500000,521.000000,516.652283,5555991
2019-04-05,531.400024,541.000000,526.000000,532.099976,527.659607,9784780
2019-04-08,536.500000,536.900024,522.700012,525.400024,521.015564,2429845
2019-04-09,526.250000,534.500000,525.400024,532.000000,527.560486,2301681
2019-04-10,531.549988,551.750000,530.799988,546.450012,541.889893,5992326
2019-04-11,546.349976,554.700012,542.000000,544.849976,540.303223,2977870
2019-04-12,547.950012,556.700012,545.299988,554.849976,550.219788,4347530
2019-04-15,555.000000,569.200012,552.000000,566.299988,561.574219,2252373
2019-04-16,570.000000,571.750000,556.599976,559.349976,554.682190,2246831
2019-04-18,562.000000,566.650024,553.200012,561.549988,556.863892,2306549
2019-04-22,560.000000,566.000000,556.599976,561.099976,556.417603,1205612
2019-04-23,562.500000,575.950012,560.400024,561.700012,557.012634,2179959
2019-04-24,561.400024,564.500000,553.200012,558.549988,553.888916,1896565
2019-04-25,558.700012,563.950012,551.150024,555.599976,550.963501,2416194
2019-04-26,558.250000,572.900024,557.200012,567.950012,563.210449,2593397
2019-04-30,569.900024,571.049988,558.650024,565.000000,560.285095,1914026
2019-05-02,563.000000,569.700012,556.700012,565.599976,560.880066,1700976
2019-05-03,568.000000,573.000000,561.650024,564.500000,559.789307,2758638
2019-05-06,556.000000,564.500000,556.000000,563.349976,558.648804,1715311
2019-05-07,564.000000,566.299988,555.150024,557.950012,553.293945,1478212
2019-05-08,556.000000,561.400024,549.000000,558.000000,553.343567,1890174
2019-05-09,559.900024,561.049988,548.700012,557.750000,553.095581,1672967
2019-05-10,557.750000,562.700012,551.000000,555.549988,550.914001,1687480
2019-05-13,552.000000,556.750000,529.599976,546.700012,542.137817,2027570
2019-05-14,546.000000,560.750000,541.200012,556.000000,551.360168,1822829
2019-05-15,554.000000,562.500000,551.500000,555.700012,551.062683,1396473
2019-05-16,554.000000,556.700012,541.049988,550.200012,545.608643,2589467
2019-05-17,549.000000,551.950012,541.000000,544.150024,539.609070,1194005
2019-05-20,560.000000,567.000000,550.400024,565.450012,560.731323,1586746
2019-05-21,565.450012,580.000000,552.750000,559.349976,554.682190,4286383
2019-05-22,562.000000,574.000000,550.049988,553.000000,548.385254,7762734
2019-05-23,561.900024,568.900024,543.750000,564.750000,560.037170,5640728
2019-05-24,569.200012,572.500000,559.450012,570.599976,565.838379,1796355
2019-05-27,570.000000,586.000000,568.000000,578.700012,573.870789,1959075
2019-05-28,579.000000,584.200012,571.500000,577.950012,573.127075,2469586
2019-05-29,577.400024,582.450012,559.900024,564.349976,559.640503,1948077
2019-05-30,560.099976,563.500000,554.250000,561.950012,557.260559,2577559
2019-05-31,562.700012,569.000000,550.849976,558.849976,554.186340,1912387
2019-06-03,559.000000,569.450012,552.500000,568.250000,563.507935,1284381
2019-06-04,564.000000,575.000000,561.099976,562.650024,557.954712,1558827
2019-06-06,565.000000,568.299988,556.549988,559.799988,555.128479,1750285
2019-06-07,565.000000,565.000000,542.000000,549.500000,544.914429,2696228
2019-06-10,550.599976,562.599976,550.000000,554.549988,549.922302,1708042
2019-06-11,555.400024,566.400024,551.000000,559.849976,555.178040,2518184
2019-06-12,558.900024,567.000000,556.250000,561.599976,556.913452,1253337
2019-06-13,560.049988,566.599976,559.250000,564.599976,559.888367,1594956
2019-06-14,560.150024,564.450012,554.150024,555.599976,550.963501,1808363
2019-06-17,555.500000,556.599976,543.849976,545.150024,540.600769,1267159
2019-06-18,545.200012,555.500000,545.049988,547.599976,543.030273,1257992
2019-06-19,550.599976,551.900024,532.549988,533.700012,529.246338,1137906
2019-06-20,531.799988,552.450012,528.650024,551.299988,546.699402,1986432
2019-06-21,549.849976,553.799988,545.200012,551.549988,546.947327,1534007
2019-06-24,548.549988,552.450012,545.099976,549.900024,545.311096,981017
2019-06-25,548.950012,554.950012,546.549988,550.049988,545.459839,805704
2019-06-26,550.000000,558.799988,548.000000,556.549988,551.905579,1020879
2019-06-27,556.849976,563.900024,550.299988,551.950012,547.343994,1323494
2019-06-28,551.900024,556.700012,546.349976,553.450012,548.831543,996578
2019-07-01,555.700012,559.349976,553.150024,555.799988,551.161865,565463
2019-07-02,557.150024,558.500000,551.500000,555.349976,550.715576,565414
2019-07-03,555.349976,556.700012,549.450012,553.250000,548.633118,797387
2019-07-04,554.650024,555.650024,550.599976,551.549988,546.947327,639531
2019-07-05,551.549988,554.250000,549.200012,550.000000,545.410278,796604
2019-07-08,547.000000,549.000000,534.650024,538.450012,533.956665,1490078
2019-07-09,536.799988,552.450012,536.799988,548.799988,544.220276,1472836
2019-07-10,545.349976,551.150024,541.849976,544.950012,540.402405,1045560
2019-07-11,549.000000,553.799988,546.000000,552.400024,547.790283,726448
2019-07-12,554.000000,566.500000,547.200012,556.799988,552.153503,1485506
2019-07-15,559.900024,560.500000,548.599976,550.549988,545.955688,842129
2019-07-16,554.750000,558.450012,549.400024,553.549988,548.930603,1460303
2019-07-17,554.000000,558.500000,547.450012,557.549988,552.897278,1034734
2019-07-18,558.849976,559.000000,545.500000,547.000000,542.435303,1355289
2019-07-19,550.799988,552.000000,535.500000,536.700012,532.221313,783708
2019-07-22,536.700012,540.000000,526.200012,530.950012,526.519287,1816845
2019-07-23,531.000000,535.200012,521.000000,528.900024,524.486389,2353027
2019-07-24,529.000000,529.000000,517.049988,518.750000,514.421021,2707033
2019-07-25,521.349976,539.200012,519.000000,536.650024,532.171692,3183510
2019-07-26,533.200012,539.900024,528.250000,532.099976,527.659607,1371242
2019-07-29,531.599976,534.950012,520.250000,522.250000,517.891846,735045
2019-07-30,522.200012,533.599976,517.799988,520.000000,515.660583,1665158
2019-07-31,516.900024,522.700012,506.000000,521.099976,519.750000,1828077
2019-08-01,516.150024,519.450012,509.200012,512.450012,511.122437,1289007
2019-08-02,509.000000,519.700012,508.700012,516.099976,514.762939,1574251
2019-08-05,513.799988,520.799988,512.250000,518.900024,517.555725,2162918
2019-08-06,518.000000,527.000000,496.850006,500.149994,498.854279,7425849
2019-08-07,502.700012,525.849976,501.649994,518.299988,516.957275,4668643
2019-08-08,504.750000,510.000000,493.799988,503.049988,501.746765,6750611
2019-08-09,505.899994,511.700012,481.549988,484.500000,483.244812,5172748
2019-08-13,484.500000,486.899994,473.049988,475.750000,474.517487,2952687
2019-08-14,477.450012,483.250000,465.000000,478.299988,477.060883,2376714
2019-08-16,477.000000,483.399994,474.500000,476.100006,474.866608,1279325
2019-08-19,478.500000,485.549988,474.600006,475.850006,474.617249,1211272
2019-08-20,478.850006,481.700012,470.549988,478.700012,477.459869,1606901
2019-08-21,478.600006,479.000000,466.950012,468.049988,466.837433,1065506
2019-08-22,464.899994,469.950012,460.600006,464.000000,462.797943,1398888
2019-08-23,464.000000,467.350006,449.200012,465.899994,464.692993,2217428
2019-08-26,468.100006,470.950012,454.899994,466.549988,465.341309,2158865
2019-08-27,468.500000,469.850006,458.450012,465.350006,464.144440,2992115
2019-08-28,465.799988,476.200012,460.149994,464.250000,463.047302,2193022
2019-08-29,465.500000,468.000000,456.549988,465.200012,463.994843,1410078
2019-08-30,468.000000,475.200012,461.450012,472.450012,471.226044,1126818
2019-09-03,467.000000,471.250000,461.000000,469.549988,468.333557,1564714
2019-09-04,471.100006,475.000000,467.049988,471.399994,470.178772,2339657
2019-09-05,472.000000,479.750000,470.600006,478.399994,477.160614,1216510
2019-09-06,479.000000,482.500000,473.750000,474.899994,473.669678,1668897
2019-09-09,475.000000,478.700012,472.100006,475.000000,473.769440,780846
2019-09-11,474.000000,478.299988,468.049988,471.799988,470.577728,996410
2019-09-12,474.000000,474.000000,464.399994,467.799988,466.588074,1179858
2019-09-13,468.049988,469.649994,464.500000,469.000000,467.784973,818854
2019-09-16,467.000000,472.000000,464.100006,470.500000,469.281097,1257381
2019-09-17,471.950012,472.399994,457.000000,460.649994,459.456604,1753611
2019-09-18,461.399994,462.799988,454.350006,458.649994,457.461792,1656705
2019-09-19,458.649994,461.950012,449.899994,452.049988,450.878876,1027073
2019-09-20,454.200012,465.000000,445.500000,463.299988,462.099731,2558072
2019-09-23,468.000000,472.299988,445.000000,448.899994,447.737061,2819792
2019-09-24,450.000000,455.049988,446.600006,450.250000,449.083557,1959468
2019-09-25,449.899994,450.000000,432.200012,434.600006,433.474121,3524655
2019-09-26,439.000000,440.450012,430.399994,438.450012,437.314148,3960277
2019-09-27,438.450012,446.000000,435.700012,439.399994,438.261658,3151119
2019-09-30,430.000000,432.799988,418.000000,425.500000,424.397675,6307161
2019-10-01,426.899994,426.899994,402.700012,412.649994,411.580963,4914716
2019-10-03,411.000000,421.000000,406.500000,418.100006,417.016846,2639852
2019-10-04,419.500000,431.299988,416.149994,418.350006,417.266205,4182360
2019-10-07,419.950012,419.950012,405.500000,408.250000,407.192352,2564196
2019-10-09,408.299988,427.000000,407.500000,423.350006,422.253265,4117690
2019-10-10,423.100006,427.299988,418.549988,422.149994,421.056335,2381621
2019-10-11,422.549988,443.000000,389.549988,441.350006,440.206635,17354782
2019-10-14,441.350006,446.450012,433.500000,440.899994,439.757782,5861895
2019-10-15,440.000000,448.500000,435.350006,446.549988,445.393127,3153015
2019-10-16,446.299988,447.850006,438.950012,446.799988,445.642487,2180925
2019-10-17,445.299988,447.700012,439.399994,446.299988,445.143768,1818421
2019-10-18,448.500000,451.149994,440.100006,444.149994,442.999359,2850227
2019-10-22,441.250000,457.750000,440.200012,453.899994,452.724091,2333810
2019-10-23,453.649994,456.799988,448.100006,454.250000,453.073181,2262575
2019-10-24,455.000000,456.000000,443.549988,446.850006,445.692383,1733751
2019-10-25,447.100006,461.450012,441.750000,459.850006,458.658691,2647759
2019-10-27,null,null,null,null,null,null
2019-10-29,463.899994,478.399994,462.000000,473.049988,471.824463,3498572
2019-10-30,478.950012,478.950012,462.250000,465.000000,463.795349,2640132
2019-10-31,465.000000,472.700012,460.149994,466.850006,465.640564,3944718
2019-11-01,467.299988,474.200012,462.399994,469.200012,467.984467,3649879
2019-11-04,471.399994,478.500000,467.049988,468.299988,467.086792,2393325
2019-11-05,470.149994,475.500000,465.149994,467.850006,466.637970,1391429
2019-11-06,469.049988,487.950012,464.250000,480.850006,479.604279,17751556
2019-11-07,482.000000,487.399994,470.000000,471.850006,470.627594,5892783
2019-11-08,470.100006,470.100006,461.250000,462.500000,461.301819,4300075
2019-11-11,459.399994,459.399994,451.750000,454.850006,453.671631,4109355
2019-11-13,452.000000,455.000000,446.000000,447.899994,446.739624,3001272
2019-11-14,445.200012,458.200012,442.649994,451.399994,450.230560,2659601
2019-11-15,448.000000,468.049988,435.399994,463.250000,462.049866,10693852
2019-11-18,463.000000,472.000000,457.649994,460.600006,459.406738,2847404
2019-11-19,461.200012,477.500000,459.549988,472.100006,470.876953,5080106
2019-11-20,472.000000,483.700012,468.649994,482.600006,481.349762,4080054
2019-11-21,482.600006,492.299988,476.600006,485.500000,484.242249,5600894
2019-11-22,485.000000,485.000000,472.700012,478.850006,477.609467,2778328
2019-11-25,478.250000,485.350006,475.899994,483.500000,482.247406,1465490
2019-11-26,483.000000,490.549988,476.700012,478.549988,477.310242,3880896
2019-11-27,475.000000,475.000000,464.549988,468.000000,466.787567,3494515
2019-11-28,472.000000,476.500000,464.100006,468.350006,467.136658,2933958
2019-11-29,469.649994,473.399994,465.600006,466.700012,465.490967,1307574
2019-12-02,469.600006,469.600006,455.350006,464.000000,462.797943,2492362
2019-12-03,465.000000,465.850006,460.000000,464.250000,463.047302,1067139
2019-12-04,463.000000,471.850006,462.000000,470.000000,468.782379,1426757
2019-12-05,469.500000,470.299988,460.399994,461.600006,460.404144,1483537
2019-12-06,463.000000,467.000000,454.000000,455.450012,454.270111,2520045
2019-12-09,457.399994,457.750000,444.600006,447.899994,446.739624,3761784
2019-12-10,450.600006,454.950012,449.500000,453.049988,451.876282,2807906
2019-12-11,453.000000,453.100006,446.700012,449.950012,448.784332,1806996
2019-12-12,452.200012,463.100006,452.200012,461.049988,459.855560,2730092
2019-12-13,461.049988,465.000000,456.600006,461.250000,460.055054,1213599
2019-12-16,463.049988,464.750000,457.500000,458.250000,457.062836,903737
2019-12-17,462.049988,466.200012,460.350006,463.950012,462.748077,2434853
2019-12-18,464.000000,469.250000,461.500000,467.799988,466.588074,1705929
2019-12-19,465.649994,471.500000,464.799988,467.600006,466.388611,1485123
2019-12-20,466.899994,474.450012,463.899994,465.750000,464.543396,2248997
2019-12-23,467.000000,469.000000,464.500000,467.850006,466.637970,866023
2019-12-24,467.250000,480.000000,465.500000,478.700012,477.459869,3262749
2019-12-26,478.700012,482.549988,472.250000,474.149994,472.921631,2887784
2019-12-27,474.549988,483.500000,472.799988,481.100006,479.853638,2005404
2019-12-30,481.100006,487.000000,478.250000,479.950012,478.706635,1809828
2019-12-31,479.950012,484.299988,476.950012,478.200012,476.961151,1640854
2020-01-01,481.000000,481.000000,474.450012,475.899994,474.667114,1316812
2020-01-02,478.850006,479.899994,472.299988,473.500000,472.273315,1406381
2020-01-03,475.799988,475.799988,467.250000,469.950012,468.732544,2252752
2020-01-06,469.799988,469.950012,461.200012,466.750000,465.540802,1501855
2020-01-07,466.000000,470.000000,463.649994,468.600006,467.386017,2365554
2020-01-08,467.799988,470.100006,461.600006,464.750000,463.545990,1507276
2020-01-09,467.500000,473.299988,467.500000,470.100006,468.882141,1700600
2020-01-10,470.100006,477.000000,469.750000,473.500000,472.273315,1213600
2020-01-13,474.500000,482.450012,474.500000,477.649994,476.412567,1229969
2020-01-14,480.600006,485.200012,479.200012,484.250000,482.995483,2160301
2020-01-15,484.000000,486.850006,479.549988,484.000000,482.746124,1413668
2020-01-16,484.000000,487.450012,479.000000,480.250000,479.005829,1694372
2020-01-17,480.000000,482.950012,476.549988,480.299988,479.055695,2039387
2020-01-20,480.450012,483.149994,476.649994,480.149994,478.906097,1206931
2020-01-21,478.950012,479.549988,472.200012,473.399994,472.173584,1448808
2020-01-22,474.500000,480.299988,470.250000,471.600006,470.378265,2380518
2020-01-23,464.500000,475.850006,459.350006,465.149994,463.944946,5783749
2020-01-24,465.000000,467.750000,456.850006,458.850006,457.661285,2713370
2020-01-27,457.500000,466.500000,454.200012,464.450012,463.246796,5849003
2020-01-28,465.000000,468.000000,458.950012,464.700012,463.496124,3592413
2020-01-29,464.700012,467.399994,460.350006,461.549988,460.354279,1737293
2020-01-30,461.000000,461.000000,446.350006,451.000000,449.831604,2766881
2020-01-31,453.950012,453.950012,442.100006,446.899994,445.742218,2184609
2020-02-03,444.000000,450.649994,439.399994,444.549988,443.398315,1690394
2020-02-04,446.700012,452.450012,444.200012,448.450012,447.288239,2030860
2020-02-05,449.549988,459.149994,437.500000,447.549988,446.390533,3637403
2020-02-06,462.500000,464.350006,435.350006,439.649994,438.511017,7118843
2020-02-07,440.000000,445.899994,437.299988,443.200012,442.051819,6386193
2020-02-10,444.200012,451.000000,442.100006,444.750000,443.597809,3557480
2020-02-11,447.100006,452.000000,443.350006,450.600006,449.432648,1889638
2020-02-12,454.950012,454.950012,445.000000,446.799988,445.642487,1683136
2020-02-13,446.799988,448.899994,440.500000,443.399994,442.251282,2041017
2020-02-14,444.000000,448.899994,441.500000,447.100006,445.941711,1814780
2020-02-17,444.500000,445.750000,430.100006,431.899994,430.781097,4581786
2020-02-18,433.000000,437.649994,428.100006,436.000000,434.870483,2453801
2020-02-19,437.799988,449.200012,437.399994,447.500000,446.340668,2359566
2020-02-20,448.000000,448.799988,434.500000,435.750000,434.621124,3048500
2020-02-24,436.000000,436.700012,426.549988,430.149994,429.035614,2569563
2020-02-25,430.200012,431.200012,420.000000,425.799988,424.696899,2438218
2020-02-26,406.000000,425.000000,405.799988,422.200012,421.106232,8068909
2020-02-27,411.100006,424.000000,409.000000,421.200012,420.108826,5109022
2020-02-28,413.000000,416.450012,398.049988,402.100006,401.058289,4200936
2020-03-02,407.000000,411.250000,394.649994,401.950012,400.908691,3460583
2020-03-03,402.000000,429.200012,402.000000,425.299988,424.198181,5476676
2020-03-04,425.600006,449.799988,420.000000,447.649994,446.490295,9297945
2020-03-05,447.850006,472.000000,437.450012,440.600006,439.458557,9637431
2020-03-06,425.000000,438.149994,423.049988,434.399994,433.274628,2916146
2020-03-09,425.000000,432.649994,423.500000,426.149994,425.045990,2986596
2020-03-11,425.000000,426.149994,410.200012,417.100006,416.019440,5314547
2020-03-12,412.500000,412.500000,390.750000,394.750000,393.727325,5636464
2020-03-13,388.000000,434.950012,355.299988,425.549988,424.447540,6096891
2020-03-16,416.000000,423.899994,392.750000,396.399994,395.373047,5394603
2020-03-17,397.000000,422.000000,390.750000,401.750000,400.709198,2989674
2020-03-18,411.799988,411.799988,381.700012,386.000000,385.000000,4200456
2020-03-19,374.799988,390.750000,362.899994,374.700012,374.700012,2926091
2020-03-20,379.799988,399.799988,372.450012,392.799988,392.799988,4718358
2020-03-23,370.000000,406.899994,370.000000,375.250000,375.250000,5507004
2020-03-24,380.000000,409.750000,372.549988,377.450012,377.450012,6649616
2020-03-25,378.000000,394.899994,374.000000,376.450012,376.450012,6418955
2020-03-26,383.000000,394.700012,380.500000,386.149994,386.149994,4291225
2020-03-27,393.000000,411.000000,391.950012,407.649994,407.649994,6471291
2020-03-30,413.799988,438.700012,407.649994,431.750000,431.750000,9020926
2020-03-31,446.000000,446.600006,420.000000,422.850006,422.850006,9434602
2020-04-01,424.899994,430.899994,410.399994,413.750000,413.750000,6329668
2020-04-03,425.000000,454.700012,416.250000,449.200012,449.200012,17906762
2020-04-07,479.000000,513.400024,452.000000,492.250000,492.250000,20843608
2020-04-08,496.950012,530.000000,490.000000,512.750000,512.750000,19456188
2020-04-09,564.000000,610.000000,564.000000,579.599976,579.599976,27207708
2020-04-13,605.000000,605.000000,583.000000,592.849976,592.849976,15483858
2020-04-15,604.450012,614.000000,578.599976,592.349976,592.349976,16213806
2020-04-16,590.000000,612.799988,582.000000,600.450012,600.450012,12716342
2020-04-17,615.000000,615.000000,595.000000,598.000000,598.000000,8304173
2020-04-20,598.000000,599.400024,580.000000,585.400024,585.400024,5856150
2020-04-21,578.000000,609.799988,570.000000,592.099976,592.099976,14471856
2020-04-22,594.900024,599.750000,585.000000,587.200012,587.200012,6182243
2020-04-23,590.000000,603.900024,579.049988,586.700012,586.700012,6277840
2020-04-24,586.400024,606.000000,583.599976,599.299988,599.299988,11127889
2020-04-27,600.000000,632.650024,600.000000,608.700012,608.700012,14089786
2020-04-28,616.799988,621.250000,593.250000,598.599976,598.599976,8193422
2020-04-29,605.000000,607.900024,590.099976,596.250000,596.250000,6767183
2020-04-30,607.900024,611.450012,586.099976,589.599976,589.599976,9099721
2020-05-04,589.000000,616.950012,580.599976,611.849976,611.849976,16815950
2020-05-05,623.049988,623.049988,595.000000,596.900024,596.900024,9257154
2020-05-06,597.500000,606.000000,590.000000,591.750000,591.750000,6978135
2020-05-07,598.000000,601.799988,587.500000,589.549988,589.549988,4620871
2020-05-08,598.000000,601.200012,589.500000,591.900024,591.900024,5051303
2020-05-11,600.950012,600.950012,583.450012,586.049988,586.049988,5853892
2020-05-12,587.000000,593.799988,566.200012,570.150024,570.150024,8868938
2020-05-13,600.000000,605.000000,568.900024,570.200012,570.200012,10438589
2020-05-14,571.000000,577.900024,566.099976,569.750000,569.750000,8546002
2020-05-15,572.000000,585.000000,565.599976,570.299988,570.299988,14388403
2020-05-18,570.599976,605.000000,570.500000,600.450012,600.450012,22898114
2020-05-19,600.000000,608.799988,590.200012,594.950012,594.950012,10951060
2020-05-20,597.000000,624.349976,595.400024,620.650024,620.650024,13440063
2020-05-21,620.650024,626.849976,612.299988,616.599976,616.599976,7916771
2020-05-22,616.700012,641.849976,610.099976,639.349976,639.349976,10874832
2020-05-26,640.000000,646.900024,624.049988,627.700012,627.700012,8859302
2020-05-27,630.000000,637.799988,625.799988,633.049988,633.049988,7710100
2020-05-28,634.000000,637.650024,626.049988,628.349976,628.349976,5488625
2020-05-29,633.000000,650.950012,631.000000,648.150024,648.150024,10580203
2020-06-01,649.000000,652.599976,634.549988,642.500000,642.500000,7439123
2020-06-02,644.900024,658.650024,636.000000,637.599976,637.599976,6883363
2020-06-03,646.849976,649.500000,635.299988,641.200012,641.200012,5044700
2020-06-04,643.000000,664.799988,642.500000,660.549988,660.549988,10452388
2020-06-05,665.000000,669.750000,649.000000,650.900024,650.900024,6481383
2020-06-08,656.700012,657.799988,633.049988,635.099976,635.099976,6263334
2020-06-09,638.900024,654.299988,637.049988,640.049988,640.049988,8968365
2020-06-10,646.799988,650.750000,639.799988,642.950012,642.950012,5425984
2020-06-11,645.650024,646.950012,632.799988,635.000000,635.000000,3172467
2020-06-12,616.299988,645.000000,616.299988,643.599976,643.599976,5579009
2020-06-15,643.000000,653.500000,637.000000,643.650024,643.650024,4520180
2020-06-16,644.500000,650.000000,632.450012,637.799988,637.799988,2927072
2020-06-17,640.000000,643.799988,635.000000,640.349976,640.349976,2648039
2020-06-18,641.650024,644.799988,636.400024,642.049988,642.049988,2161524
2020-06-19,648.849976,648.849976,631.500000,636.200012,636.200012,4476020
2020-06-22,691.000000,692.500000,651.650024,655.950012,655.950012,29312493
2020-06-23,674.000000,674.000000,655.400024,659.799988,659.799988,8287482
2020-06-24,660.000000,662.250000,628.299988,631.200012,631.200012,6955942
2020-06-25,632.000000,642.000000,629.150024,634.900024,634.900024,5816404
2020-06-26,639.000000,643.650024,631.599976,634.900024,634.900024,3847728
2020-06-29,637.000000,648.000000,635.400024,644.900024,644.900024,6772032
2020-06-30,647.950012,649.900024,638.000000,640.250000,640.250000,4319880
2020-07-01,642.599976,642.599976,621.049988,627.099976,627.099976,4809651
2020-07-02,630.000000,654.450012,626.000000,646.200012,646.200012,6169821
2020-07-03,652.950012,652.950012,635.500000,638.799988,638.799988,5379171
2020-07-06,640.000000,644.250000,629.200012,634.599976,634.599976,5604802
2020-07-07,637.950012,642.599976,635.200012,636.549988,636.549988,3781547
2020-07-08,643.450012,648.000000,632.500000,634.400024,634.400024,6952585
2020-07-09,643.950012,643.950012,636.250000,639.049988,639.049988,4354183
2020-07-10,640.000000,647.000000,636.700012,638.900024,638.900024,4119561
2020-07-13,641.000000,646.000000,636.599976,638.349976,638.349976,3450069
2020-07-14,639.950012,644.000000,631.250000,632.299988,632.299988,5432821
2020-07-15,634.400024,643.500000,633.099976,638.200012,638.200012,4253913
2020-07-16,639.950012,677.400024,635.900024,674.500000,674.500000,16098128
2020-07-17,674.500000,696.650024,669.250000,689.099976,689.099976,15244102
2020-07-20,689.000000,690.849976,672.349976,674.349976,674.349976,5469496
2020-07-21,676.099976,682.099976,660.000000,662.299988,662.299988,4314750
2020-07-22,666.150024,677.799988,657.500000,661.700012,661.700012,5918154
2020-07-23,663.950012,674.000000,662.200012,671.450012,671.450012,4620517
2020-07-24,673.000000,681.000000,658.200012,666.049988,666.049988,4962702
2020-07-27,673.950012,673.950012,650.400024,652.900024,652.900024,4465020
2020-07-28,651.000000,665.750000,644.250000,662.599976,662.599976,4583066
2020-07-29,662.599976,685.549988,662.599976,681.250000,681.250000,7288781
2020-07-30,681.200012,698.950012,681.000000,685.950012,685.950012,7170665
2020-07-31,687.000000,724.000000,687.000000,720.150024,720.150024,18897302