schedule_no,route_no,ticket_from_stop_id,ticket_from_stop_seq_no,ticket_till_stop_id,ticket_till_stop_seq_no,ticket_date,ticket_time,total_ticket_amount,travelled_KM
KIAS-12/5,KIAS-12UP,9387,1,11359,39,01/09/2018,02:02:58,281,49.3
KIAS-12/5,KIAS-12UP,9387,1,11359,39,01/09/2018,02:04:08,562,49.3
KIAS-12/5,KIAS-12UP,9387,1,11359,39,01/09/2018,02:05:32,281,49.3
KIAS-12/5,KIAS-12UP,57,14,11359,39,01/09/2018,02:25:52,234,38.4
KIAS-12/5,KIAS-12UP,4973,26,11359,39,01/09/2018,02:41:31,171,26.2
KIAS-12/5,KIAS-12UP,213,27,11359,39,01/09/2018,02:43:09,160,24.9
KIAS-12/5,KIAS-12UP,0,38,0,0,01/09/2018,03:07:58,0,0
KIAS-12/5,KIAS-12DN,0,1,0,0,01/09/2018,03:07:58,0,0
KIAS-12/5,KIAS-12DN,0,1,0,0,01/09/2018,03:08:03,0,0
KIAS-12/5,KIAS-12DN,11359,1,349,27,01/09/2018,03:24:53,244,42.6
KIAS-12/5,KIAS-12DN,11359,1,9387,33,01/09/2018,03:25:35,281,49.5
KIAS-12/5,KIAS-12DN,11359,1,117,29,01/09/2018,03:25:43,281,46.5
KIAS-12/5,KIAS-12DN,11359,1,9387,33,01/09/2018,03:26:06,281,49.5
KIAS-12/5,KIAS-12DN,11359,1,214,14,01/09/2018,03:27:16,171,27
KIAS-12/5,KIAS-12DN,11359,1,349,27,01/09/2018,03:27:25,244,42.6
KIAS-12/5,KIAS-12DN,11359,1,349,27,01/09/2018,03:28:42,244,42.6
KIAS-12/5,KIAS-12DN,11359,1,17,28,01/09/2018,03:28:53,281,44.6
KIAS-12/5,KIAS-12DN,11359,1,9387,33,01/09/2018,03:29:01,281,49.5
KIAS-12/5,KIAS-12DN,11359,1,1889,26,01/09/2018,03:29:25,244,40.9
KIAS-12/5,KIAS-12DN,11359,1,65,25,01/09/2018,03:29:45,234,38.4
KIAS-12/5,KIAS-12DN,11359,1,214,14,01/09/2018,03:33:16,171,27
KIAS-12/5,KIAS-12DN,11359,1,349,27,01/09/2018,03:33:49,244,42.6
KIAS-12/5,KIAS-12DN,11359,1,218,15,01/09/2018,03:34:43,394,29.2
KIAS-12/5,KIAS-12DN,11359,1,65,25,01/09/2018,03:35:18,234,38.4
KIAS-12/5,KIAS-12DN,11359,1,158,19,01/09/2018,03:35:53,234,36.1
KIAS-12/5,KIAS-12DN,0,33,0,0,01/09/2018,04:39:16,0,0
KIAS-12/5,KIAS-12UP,0,1,0,0,01/09/2018,04:39:16,0,0
KIAS-12/5,KIAS-12UP,9387,1,11359,39,01/09/2018,06:24:36,281,49.3
KIAS-12/5,KIAS-12UP,9387,1,11359,39,01/09/2018,06:24:50,281,49.3
KIAS-12/5,KIAS-12UP,9387,1,11359,39,01/09/2018,06:25:05,281,49.3
KIAS-12/5,KIAS-12UP,2937,10,14574,23,01/09/2018,06:38:22,58,10
KIAS-12/5,KIAS-12UP,57,14,11359,39,01/09/2018,06:55:39,234,38.4
KIAS-12/5,KIAS-12UP,57,14,11359,39,01/09/2018,06:56:28,234,38.4
KIAS-12/5,KIAS-12UP,57,14,11359,39,01/09/2018,06:56:53,234,38.4
KIAS-12/5,KIAS-12UP,4973,26,11359,39,01/09/2018,07:17:40,171,26.2
KIAS-12/5,KIAS-12UP,213,27,11359,39,01/09/2018,07:20:07,160,24.9
KIAS-12/5,KIAS-12UP,213,27,11359,39,01/09/2018,07:20:29,160,24.9
KIAS-12/5,KIAS-12UP,0,39,0,0,01/09/2018,07:46:54,0,0
KIAS-12/5,KIAS-12DN,0,1,0,0,01/09/2018,07:46:54,0,0
KIAS-12/5,KIAS-12DN,0,1,0,0,01/09/2018,07:46:58,0,0
KIAS-12/5,KIAS-12DN,11359,1,158,19,01/09/2018,08:41:07,234,36.1
KIAS-12/5,KIAS-12DN,11359,1,1642,3,01/09/2018,08:42:08,118,8.5
KIAS-12/5,KIAS-12DN,11359,1,9387,33,01/09/2018,08:42:39,562,49.5
KIAS-12/5,KIAS-12DN,11359,1,65,25,01/09/2018,08:43:11,467,38.4
KIAS-12/5,KIAS-12DN,11359,1,349,27,01/09/2018,08:43:47,244,42.6
KIAS-12/5,KIAS-12DN,11359,1,65,25,01/09/2018,08:43:58,234,38.4
KIAS-12/5,KIAS-12DN,11359,1,9387,33,01/09/2018,08:45:02,281,49.5
KIAS-12/5,KIAS-12DN,11359,1,349,27,01/09/2018,08:45:48,244,42.6
KIAS-12/5,KIAS-12DN,11359,1,1642,3,01/09/2018,08:52:17,118,8.5
KIAS-12/5,KIAS-12DN,11359,1,65,25,01/09/2018,08:52:35,234,38.4
KIAS-12/5,KIAS-12DN,11359,1,117,29,01/09/2018,08:53:15,281,46.5
KIAS-12/5,KIAS-12DN,11359,1,204,13,01/09/2018,08:53:48,160,25.6
KIAS-12/5,KIAS-12DN,11359,1,349,27,01/09/2018,08:54:28,488,42.6
KIAS-12/5,KIAS-12DN,12390,2,1889,26,01/09/2018,09:03:26,244,32.9
KIAS-12/5,KIAS-12DN,214,14,17,28,01/09/2018,09:25:15,79,17.7
KIAS-12/5,KIAS-12DN,158,19,9387,33,01/09/2018,09:59:29,69,13.4
KIAS-12/5,KIAS-12DN,349,27,117,29,01/09/2018,10:09:48,42,3.9
KIAS-12/5,KIAS-12DN,0,33,0,0,01/09/2018,10:30:53,0,0
KIAS-12/6,KIAS-12DN,0,33,0,0,01/09/2018,01:35:36,0,0
KIAS-12/6,KIAS-12UP,0,1,0,0,01/09/2018,01:35:50,0,0
KIAS-12/6,KIAS-12UP,9387,1,11359,39,01/09/2018,01:38:59,281,49.3
KIAS-12/6,KIAS-12UP,9387,1,11359,39,01/09/2018,01:39:24,281,49.3
KIAS-12/6,KIAS-12UP,2937,10,11359,39,01/09/2018,01:56:23,244,42.5
KIAS-12/6,KIAS-12UP,57,14,195,22,01/09/2018,02:06:47,21,4.2
KIAS-12/6,KIAS-12UP,213,27,11359,39,01/09/2018,02:29:45,160,24.9
KIAS-12/6,KIAS-12UP,213,27,11359,39,01/09/2018,02:29:52,160,24.9
KIAS-12/6,KIAS-12UP,213,27,11359,39,01/09/2018,02:31:13,160,24.9
KIAS-12/6,KIAS-12UP,0,39,0,0,01/09/2018,02:52:49,0,0
KIAS-12/6,KIAS-12DN,0,1,0,0,01/09/2018,02:52:50,0,0
KIAS-12/6,KIAS-12DN,11359,1,349,27,01/09/2018,02:56:43,244,42.6
KIAS-12/6,KIAS-12DN,11359,1,9387,33,01/09/2018,02:57:50,281,49.5
KIAS-12/6,KIAS-12DN,11359,1,349,27,01/09/2018,02:58:39,244,42.6
KIAS-12/6,KIAS-12DN,11359,1,349,27,01/09/2018,02:59:03,244,42.6
KIAS-12/6,KIAS-12DN,11359,1,349,27,01/09/2018,03:00:03,244,42.6
KIAS-12/6,KIAS-12DN,11359,1,65,25,01/09/2018,03:01:13,234,38.4
KIAS-12/6,KIAS-12DN,11359,1,9387,33,01/09/2018,03:01:52,281,49.5
KIAS-12/6,KIAS-12DN,11359,1,9387,33,01/09/2018,03:02:29,281,49.5
KIAS-12/6,KIAS-12DN,11359,1,9387,33,01/09/2018,03:03:19,281,49.5
KIAS-12/6,KIAS-12DN,11359,1,1889,26,01/09/2018,03:12:36,244,40.9
KIAS-12/6,KIAS-12DN,11359,1,158,19,01/09/2018,03:13:22,234,36.1
KIAS-12/6,KIAS-12DN,11359,1,9387,33,01/09/2018,03:13:41,281,49.5
KIAS-12/6,KIAS-12DN,11359,1,9387,33,01/09/2018,03:14:23,281,49.5
KIAS-12/6,KIAS-12DN,11359,1,158,19,01/09/2018,03:14:41,234,36.1
KIAS-12/6,KIAS-12DN,11359,1,349,27,01/09/2018,03:16:01,244,42.6
KIAS-12/6,KIAS-12DN,11359,1,65,25,01/09/2018,03:16:50,234,38.4
KIAS-12/6,KIAS-12DN,11359,1,9387,33,01/09/2018,03:18:05,281,49.5
KIAS-12/6,KIAS-12DN,11359,1,349,27,01/09/2018,03:18:38,244,42.6
KIAS-12/6,KIAS-12DN,11359,1,9387,33,01/09/2018,03:19:41,281,49.5
KIAS-12/6,KIAS-12DN,11359,1,9387,33,01/09/2018,03:20:37,281,49.5
KIAS-12/6,KIAS-12DN,11359,1,65,25,01/09/2018,03:21:53,234,38.4
KIAS-12/6,KIAS-12DN,11359,1,204,13,01/09/2018,03:24:16,0,0
KIAS-12/6,KIAS-12DN,0,33,0,0,01/09/2018,06:34:25,0,0
KIAS-12/6,KIAS-12UP,0,1,0,0,01/09/2018,06:34:26,0,0
KIAS-12/6,KIAS-12UP,9387,1,11359,39,01/09/2018,06:40:10,281,49.3
KIAS-12/6,KIAS-12UP,9387,1,11359,39,01/09/2018,06:40:28,281,49.3
KIAS-12/6,KIAS-12UP,9387,1,11359,39,01/09/2018,06:41:13,281,49.3
KIAS-12/6,KIAS-12UP,9387,1,11359,39,01/09/2018,06:48:32,281,49.3
KIAS-12/6,KIAS-12UP,9387,1,11359,39,01/09/2018,06:49:27,281,49.3
KIAS-12/6,KIAS-12UP,2937,10,11359,39,01/09/2018,07:06:47,244,42.5
KIAS-12/6,KIAS-12UP,2937,10,11359,39,01/09/2018,07:07:48,244,42.5
KIAS-12/6,KIAS-12UP,57,14,11359,39,01/09/2018,07:20:07,234,38.4
KIAS-12/6,KIAS-12UP,57,14,11359,39,01/09/2018,07:21:14,234,38.4
KIAS-12/6,KIAS-12UP,57,14,11359,39,01/09/2018,07:22:04,234,38.4
KIAS-12/6,KIAS-12UP,199,25,11359,39,01/09/2018,07:45:59,0,0
KIAS-12/6,KIAS-12UP,4973,26,11359,39,01/09/2018,07:47:48,0,0
KIAS-12/6,KIAS-12UP,4973,26,11359,39,01/09/2018,07:48:14,0,0
KIAS-12/6,KIAS-12UP,4973,26,11359,39,01/09/2018,07:48:23,171,26.2
KIAS-12/6,KIAS-12UP,0,39,0,0,01/09/2018,08:17:38,0,0
KIAS-12/6,KIAS-12DN,0,1,0,0,01/09/2018,08:17:40,0,0
KIAS-12/6,KIAS-12DN,11359,1,1889,26,01/09/2018,09:02:21,244,40.9
KIAS-12/6,KIAS-12DN,11359,1,10192,17,01/09/2018,09:03:05,234,33.2
KIAS-12/6,KIAS-12DN,11359,1,349,27,01/09/2018,09:04:59,244,42.6
KIAS-12/6,KIAS-12DN,11359,1,9387,33,01/09/2018,09:05:08,281,49.5
KIAS-12/6,KIAS-12DN,11359,1,9387,33,01/09/2018,09:05:56,281,49.5
KIAS-12/6,KIAS-12DN,11359,1,9387,33,01/09/2018,09:06:09,281,49.5
KIAS-12/6,KIAS-12DN,11359,1,9387,33,01/09/2018,09:06:50,281,49.5
KIAS-12/6,KIAS-12DN,214,14,349,27,01/09/2018,09:31:43,79,15.6
KIAS-12/6,KIAS-12DN,214,14,65,25,01/09/2018,09:32:31,0,0
KIAS-12/6,KIAS-12DN,0,33,0,0,01/09/2018,10:35:20,0,0
KIAS-12/1,KIAS-12UP,0,1,0,0,01/09/2018,04:13:16,0,0
KIAS-12/1,KIAS-12UP,0,1,0,0,01/09/2018,04:13:21,0,0
KIAS-12/1,KIAS-12UP,9387,1,11359,39,01/09/2018,04:30:17,281,49.3
KIAS-12/1,KIAS-12UP,9387,1,195,22,01/09/2018,04:34:54,137,15.1
KIAS-12/1,KIAS-12UP,9387,1,11359,39,01/09/2018,04:35:42,281,49.3
KIAS-12/1,KIAS-12UP,2937,10,11359,39,01/09/2018,04:51:11,244,42.5
KIAS-12/1,KIAS-12UP,57,14,11359,39,01/09/2018,05:02:32,234,38.4
KIAS-12/1,KIAS-12UP,57,14,11359,39,01/09/2018,05:04:28,234,38.4
KIAS-12/1,KIAS-12UP,57,14,11359,39,01/09/2018,05:04:42,234,38.4
KIAS-12/1,KIAS-12UP,57,14,213,27,01/09/2018,05:05:40,69,13.5
KIAS-12/1,KIAS-12UP,1559,37,11359,39,01/09/2018,05:45:34,118,7.7
KIAS-12/1,KIAS-12UP,0,37,0,0,01/09/2018,05:52:40,0,0
KIAS-12/1,KIAS-12DN,0,1,0,0,01/09/2018,05:52:45,0,0
KIAS-12/1,KIAS-12DN,11359,1,117,29,01/09/2018,06:14:43,281,46.5
KIAS-12/1,KIAS-12DN,11359,1,65,25,01/09/2018,06:15:25,234,38.4
KIAS-12/1,KIAS-12DN,11359,1,9387,33,01/09/2018,06:15:59,281,49.5
KIAS-12/1,KIAS-12DN,11359,1,9387,33,01/09/2018,06:16:38,281,49.5
KIAS-12/1,KIAS-12DN,11359,1,9387,33,01/09/2018,06:16:50,562,49.5
KIAS-12/1,KIAS-12DN,11359,1,9387,33,01/09/2018,06:17:39,281,49.5
KIAS-12/1,KIAS-12DN,11359,1,65,25,01/09/2018,06:22:06,467,38.4
KIAS-12/1,KIAS-12DN,0,29,0,0,01/09/2018,07:36:35,0,0
KIAS-12/1,KIAS-12UP,0,1,0,0,01/09/2018,07:36:40,0,0
KIAS-12/1,KIAS-12UP,9387,1,11359,39,01/09/2018,08:16:02,281,49.3
KIAS-12/1,KIAS-12UP,9387,1,11359,39,01/09/2018,08:16:41,281,49.3
KIAS-12/1,KIAS-12UP,9387,1,11359,39,01/09/2018,08:17:19,281,49.3
KIAS-12/1,KIAS-12UP,9387,1,11359,39,01/09/2018,08:26:01,281,49.3
KIAS-12/1,KIAS-12UP,9387,1,11359,39,01/09/2018,08:27:13,281,49.3
KIAS-12/1,KIAS-12UP,9387,1,11359,39,01/09/2018,08:28:36,281,49.3
KIAS-12/1,KIAS-12UP,9387,1,11359,39,01/09/2018,08:31:38,281,49.3
KIAS-12/1,KIAS-12UP,2937,10,11359,39,01/09/2018,08:53:05,488,42.5
KIAS-12/1,KIAS-12UP,2937,10,4973,26,01/09/2018,08:53:46,79,16.2
KIAS-12/1,KIAS-12UP,57,14,11359,39,01/09/2018,09:06:24,701,38.4
KIAS-12/1,KIAS-12UP,57,14,11359,39,01/09/2018,09:06:59,234,38.4
KIAS-12/1,KIAS-12UP,4973,26,11359,39,01/09/2018,09:31:24,171,26.2
KIAS-12/1,KIAS-12UP,0,31,0,0,01/09/2018,09:58:16,0,0
KIAS-12/1,KIAS-12DN,0,1,0,0,01/09/2018,09:58:20,0,0
KIAS-12/1,KIAS-12DN,11359,1,349,27,01/09/2018,10:40:24,244,42.6
KIAS-12/1,KIAS-12DN,11359,1,124,18,01/09/2018,10:40:46,234,34.4
KIAS-12/1,KIAS-12DN,11359,1,9387,33,01/09/2018,10:41:39,281,49.5
KIAS-12/1,KIAS-12DN,11359,1,218,15,01/09/2018,10:41:51,197,29.2
KIAS-12/1,KIAS-12DN,11359,1,9387,33,01/09/2018,10:42:19,562,49.5
KIAS-12/1,KIAS-12DN,11359,1,1642,3,01/09/2018,10:43:09,236,8.5
KIAS-12/1,KIAS-12DN,11359,1,9387,33,01/09/2018,10:43:38,281,49.5
KIAS-12/1,KIAS-12DN,11359,1,9387,33,01/09/2018,10:43:45,281,49.5
KIAS-12/1,KIAS-12DN,11359,1,9387,33,01/09/2018,10:43:53,281,49.5
KIAS-12/1,KIAS-12DN,11359,1,9387,33,01/09/2018,10:44:22,281,49.5
KIAS-12/1,KIAS-12DN,11359,1,2254,16,01/09/2018,10:45:06,467,31.4
KIAS-12/1,KIAS-12DN,11359,1,9387,33,01/09/2018,10:45:16,562,49.5
KIAS-12/1,KIAS-12DN,11359,1,214,14,01/09/2018,10:45:37,171,27
KIAS-12/1,KIAS-12DN,11359,1,65,25,01/09/2018,10:45:43,467,38.4
KIAS-12/1,KIAS-12DN,11359,1,9387,33,01/09/2018,10:46:33,281,49.5
KIAS-12/1,KIAS-12DN,11359,1,65,25,01/09/2018,10:47:18,467,38.4
KIAS-12/1,KIAS-12DN,11359,1,65,25,01/09/2018,10:47:25,467,38.4
KIAS-12/1,KIAS-12DN,11359,1,204,13,01/09/2018,10:47:58,160,25.6
KIAS-12/1,KIAS-12DN,11359,1,158,19,01/09/2018,10:48:15,467,36.1
KIAS-12/1,KIAS-12DN,11359,1,214,14,01/09/2018,10:49:28,171,27
KIAS-12/1,KIAS-12DN,204,13,349,27,01/09/2018,11:10:12,79,17
KIAS-12/1,KIAS-12DN,0,29,0,0,01/09/2018,13:01:22,0,0
KIAS-12/3,KIAS-12DN,0,33,0,0,01/09/2018,04:47:31,0,0
KIAS-12/3,KIAS-12UP,0,1,0,0,01/09/2018,04:47:38,0,0
KIAS-12/3,KIAS-12UP,0,1,0,0,01/09/2018,04:47:42,0,0
KIAS-12/3,KIAS-12UP,0,1,0,0,01/09/2018,04:47:44,0,0
KIAS-12/3,KIAS-12UP,9387,1,11359,39,01/09/2018,04:47:54,281,49.3
KIAS-12/3,KIAS-12UP,57,14,4973,26,01/09/2018,05:19:56,69,12.2
KIAS-12/3,KIAS-12UP,196,24,11359,39,01/09/2018,05:28:50,234,30.8
KIAS-12/3,KIAS-12UP,196,24,4973,26,01/09/2018,05:31:54,21,4.6
KIAS-12/3,KIAS-12UP,199,25,11359,39,01/09/2018,05:33:16,197,28.7
KIAS-12/3,KIAS-12UP,4973,26,11359,39,01/09/2018,05:36:39,171,26.2
KIAS-12/3,KIAS-12UP,4973,26,11359,39,01/09/2018,05:36:51,171,26.2
KIAS-12/3,KIAS-12UP,213,27,11359,39,01/09/2018,05:39:25,160,24.9
KIAS-12/3,KIAS-12UP,0,39,0,0,01/09/2018,06:35:25,0,0
KIAS-12/3,KIAS-12DN,0,1,0,0,01/09/2018,06:35:34,0,0
KIAS-12/3,KIAS-12DN,11359,1,9387,33,01/09/2018,06:35:43,281,49.5
KIAS-12/3,KIAS-12DN,11359,1,9387,33,01/09/2018,06:36:08,281,49.5
KIAS-12/3,KIAS-12DN,11359,1,65,25,01/09/2018,06:40:38,234,38.4
KIAS-12/3,KIAS-12DN,11359,1,9387,33,01/09/2018,06:41:32,281,49.5
KIAS-12/3,KIAS-12DN,11359,1,1889,26,01/09/2018,06:42:04,488,40.9
KIAS-12/3,KIAS-12DN,11359,1,9387,33,01/09/2018,06:47:26,281,49.5
KIAS-12/3,KIAS-12DN,0,33,0,0,01/09/2018,09:12:06,0,0
KIAS-12/3,KIAS-12UP,0,1,0,0,01/09/2018,09:12:13,0,0
KIAS-12/3,KIAS-12UP,9387,1,11359,39,01/09/2018,09:12:26,281,49.3
KIAS-12/3,KIAS-12UP,9387,1,11359,39,01/09/2018,09:13:08,281,49.3
KIAS-12/3,KIAS-12UP,9387,1,11359,39,01/09/2018,09:13:31,281,49.3
KIAS-12/3,KIAS-12UP,9387,1,11359,39,01/09/2018,09:13:59,562,49.3
KIAS-12/3,KIAS-12UP,9387,1,11359,39,01/09/2018,09:14:23,281,49.3
KIAS-12/3,KIAS-12UP,9387,1,11359,39,01/09/2018,09:14:47,281,49.3
KIAS-12/3,KIAS-12UP,9387,1,11359,39,01/09/2018,09:15:18,281,49.3
KIAS-12/3,KIAS-12UP,9387,1,11359,39,01/09/2018,09:18:46,281,49.3
KIAS-12/3,KIAS-12UP,9387,1,718,6,01/09/2018,09:19:42,16,2.9
KIAS-12/3,KIAS-12UP,2937,10,195,22,01/09/2018,09:52:30,48,8.2
KIAS-12/3,KIAS-12UP,2937,10,11359,39,01/09/2018,09:53:21,488,42.5
KIAS-12/3,KIAS-12UP,2937,10,11359,39,01/09/2018,09:54:41,244,42.5
KIAS-12/3,KIAS-12UP,2937,10,213,27,01/09/2018,09:55:46,158,17.5
KIAS-12/3,KIAS-12UP,57,14,11359,39,01/09/2018,10:11:22,234,38.4
KIAS-12/3,KIAS-12UP,199,25,11359,39,01/09/2018,10:35:45,197,28.7
KIAS-12/3,KIAS-12UP,0,39,0,0,01/09/2018,11:13:46,0,0
KIAS-12/3,KIAS-12DN,0,1,0,0,01/09/2018,11:13:54,0,0
KIAS-12/3,KIAS-12DN,11359,1,9387,33,01/09/2018,11:14:04,281,49.5
KIAS-12/3,KIAS-12DN,11359,1,9387,33,01/09/2018,11:14:21,281,49.5
KIAS-12/3,KIAS-12DN,11359,1,65,25,01/09/2018,11:14:54,467,38.4
KIAS-12/3,KIAS-12DN,11359,1,349,27,01/09/2018,11:15:17,244,42.6
KIAS-12/3,KIAS-12DN,11359,1,9387,33,01/09/2018,11:15:37,562,49.5
KIAS-12/3,KIAS-12DN,11359,1,9387,33,01/09/2018,11:16:05,562,49.5
KIAS-12/3,KIAS-12DN,11359,1,9387,33,01/09/2018,11:18:03,281,49.5
KIAS-12/3,KIAS-12DN,11359,1,117,29,01/09/2018,11:18:15,562,46.5
KIAS-12/3,KIAS-12DN,11359,1,349,27,01/09/2018,11:19:23,244,42.6
KIAS-12/3,KIAS-12DN,11359,1,218,15,01/09/2018,11:19:30,197,29.2
KIAS-12/3,KIAS-12DN,11359,1,1889,26,01/09/2018,11:19:51,244,40.9
KIAS-12/3,KIAS-12DN,11359,1,349,27,01/09/2018,11:20:46,244,42.6
KIAS-12/3,KIAS-12DN,11359,1,65,25,01/09/2018,11:21:18,234,38.4
KIAS-12/3,KIAS-12DN,11359,1,117,29,01/09/2018,11:25:28,281,46.5
KIAS-12/3,KIAS-12DN,11359,1,158,19,01/09/2018,11:26:03,234,36.1
KIAS-12/3,KIAS-12DN,11359,1,349,27,01/09/2018,11:27:10,244,42.6
KIAS-12/3,KIAS-12DN,11359,1,9387,33,01/09/2018,11:27:54,281,49.5
KIAS-12/3,KIAS-12DN,11359,1,117,29,01/09/2018,11:28:38,281,46.5
KIAS-12/3,KIAS-12DN,218,15,349,27,01/09/2018,12:09:14,69,13.3
KIAS-12/3,KIAS-12DN,218,15,349,27,01/09/2018,12:09:34,69,13.3
KIAS-12/3,KIAS-12DN,0,33,0,0,01/09/2018,13:37:48,0,0
KIAS-12/4,KIAS-12DN,0,29,0,0,01/09/2018,05:30:38,0,0
KIAS-12/4,KIAS-12UP,0,1,0,0,01/09/2018,05:30:46,0,0
KIAS-12/4,KIAS-12UP,9387,1,11359,39,01/09/2018,05:46:33,281,49.3
KIAS-12/4,KIAS-12UP,9387,1,11359,39,01/09/2018,05:52:12,281,49.3
KIAS-12/4,KIAS-12UP,2937,10,11359,39,01/09/2018,06:09:47,244,42.5
KIAS-12/4,KIAS-12UP,2937,10,11359,39,01/09/2018,06:09:52,244,42.5
KIAS-12/4,KIAS-12UP,2937,10,11359,39,01/09/2018,06:11:01,244,42.5
KIAS-12/4,KIAS-12UP,2937,10,11359,39,01/09/2018,06:12:10,244,42.5
KIAS-12/4,KIAS-12UP,2937,10,11359,39,01/09/2018,06:12:43,0,0
KIAS-12/4,KIAS-12UP,57,14,199,25,01/09/2018,06:23:29,58,9.7
KIAS-12/4,KIAS-12UP,57,14,11359,39,01/09/2018,06:23:55,234,38.4
KIAS-12/4,KIAS-12UP,57,14,11359,39,01/09/2018,06:24:30,234,38.4
KIAS-12/4,KIAS-12UP,57,14,11359,39,01/09/2018,06:25:30,234,38.4
KIAS-12/4,KIAS-12UP,57,14,11359,39,01/09/2018,06:26:11,0,0
KIAS-12/4,KIAS-12UP,57,14,11359,39,01/09/2018,06:26:35,234,38.4
KIAS-12/4,KIAS-12UP,57,14,11359,39,01/09/2018,06:28:05,0,0
KIAS-12/4,KIAS-12UP,195,22,11359,39,01/09/2018,06:33:06,234,34.3
KIAS-12/4,KIAS-12UP,4973,26,11359,39,01/09/2018,06:48:48,171,26.2
KIAS-12/4,KIAS-12UP,4973,26,11359,39,01/09/2018,06:49:12,171,26.2
KIAS-12/4,KIAS-12UP,4973,26,11359,39,01/09/2018,06:49:26,171,26.2
KIAS-12/4,KIAS-12UP,4973,26,11359,39,01/09/2018,06:49:54,0,0
KIAS-12/4,KIAS-12UP,4973,26,11359,39,01/09/2018,06:50:13,0,0
KIAS-12/4,KIAS-12UP,0,39,0,0,01/09/2018,08:01:56,0,0
KIAS-12/4,KIAS-12DN,0,1,0,0,01/09/2018,08:01:56,0,0
KIAS-12/4,KIAS-12DN,11359,1,158,19,01/09/2018,08:02:21,234,36.1
KIAS-12/4,KIAS-12DN,11359,1,9387,33,01/09/2018,08:03:30,281,49.5
KIAS-12/4,KIAS-12DN,11359,1,158,19,01/09/2018,08:04:17,234,36.1
KIAS-12/4,KIAS-12DN,11359,1,9387,33,01/09/2018,08:05:00,281,49.5
KIAS-12/4,KIAS-12DN,11359,1,9387,33,01/09/2018,08:05:55,281,49.5
KIAS-12/4,KIAS-12DN,11359,1,9387,33,01/09/2018,08:06:27,281,49.5
KIAS-12/4,KIAS-12DN,11359,1,9387,33,01/09/2018,08:06:37,281,49.5
KIAS-12/4,KIAS-12DN,11359,1,9387,33,01/09/2018,08:07:53,281,49.5
KIAS-12/4,KIAS-12DN,11359,1,65,25,01/09/2018,08:08:25,234,38.4
KIAS-12/4,KIAS-12DN,11359,1,9387,33,01/09/2018,08:08:48,281,49.5
KIAS-12/4,KIAS-12DN,11359,1,9387,33,01/09/2018,08:09:12,281,49.5
KIAS-12/4,KIAS-12DN,11359,1,9387,33,01/09/2018,08:09:26,281,49.5
KIAS-12/4,KIAS-12DN,11359,1,214,14,01/09/2018,08:11:00,171,27
KIAS-12/4,KIAS-12DN,11359,1,218,15,01/09/2018,08:16:52,197,29.2
KIAS-12/4,KIAS-12DN,11359,1,9387,33,01/09/2018,08:17:12,281,49.5
KIAS-12/4,KIAS-12DN,11359,1,9387,33,01/09/2018,08:17:59,281,49.5
KIAS-12/4,KIAS-12DN,11359,1,218,15,01/09/2018,08:18:27,197,29.2
KIAS-12/4,KIAS-12DN,11359,1,204,13,01/09/2018,08:18:58,160,25.6
KIAS-12/4,KIAS-12DN,11359,1,349,27,01/09/2018,08:19:16,244,42.6
KIAS-12/4,KIAS-12DN,11359,1,9387,33,01/09/2018,08:19:33,281,49.5
KIAS-12/4,KIAS-12DN,11359,1,9387,33,01/09/2018,08:19:50,0,0
KIAS-12/4,KIAS-12DN,11359,1,349,27,01/09/2018,08:20:27,244,42.6
KIAS-12/4,KIAS-12DN,11359,1,204,13,01/09/2018,08:21:18,160,25.6
KIAS-12/4,KIAS-12DN,11359,1,9387,33,01/09/2018,08:21:42,0,0
KIAS-12/4,KIAS-12DN,11359,1,218,15,01/09/2018,08:21:48,197,29.2
KIAS-12/4,KIAS-12DN,11359,1,65,25,01/09/2018,08:22:12,234,38.4
KIAS-12/4,KIAS-12DN,11359,1,9387,33,01/09/2018,08:22:38,281,49.5
KIAS-12/4,KIAS-12DN,204,13,158,19,01/09/2018,08:43:53,0,0
KIAS-12/4,KIAS-12DN,204,13,349,27,01/09/2018,08:44:11,79,17
KIAS-12/4,KIAS-12DN,204,13,9387,33,01/09/2018,08:44:49,0,0
KIAS-12/4,KIAS-12DN,2254,16,17,28,01/09/2018,08:53:24,69,13.2
KIAS-12/4,KIAS-12DN,0,33,0,0,01/09/2018,10:07:30,0,0
KIAS-12/4,KIAS-12UP,0,1,0,0,01/09/2018,10:07:31,0,0
KIAS-12/4,KIAS-12UP,9387,1,11359,39,01/09/2018,10:09:29,281,49.3
KIAS-12/4,KIAS-12UP,9387,1,11359,39,01/09/2018,10:10:19,281,49.3
KIAS-12/4,KIAS-12UP,9387,1,11359,39,01/09/2018,10:15:46,281,49.3
KIAS-12/4,KIAS-12UP,2937,10,11359,39,01/09/2018,10:44:15,244,42.5
KIAS-12/4,KIAS-12UP,57,14,11359,39,01/09/2018,11:00:19,234,38.4
KIAS-12/4,KIAS-12UP,57,14,11359,39,01/09/2018,11:02:11,234,38.4
KIAS-12/4,KIAS-12UP,57,14,11359,39,01/09/2018,11:02:45,234,38.4
KIAS-12/4,KIAS-12UP,57,14,11359,39,01/09/2018,11:02:50,234,38.4
KIAS-12/4,KIAS-12UP,57,14,11359,39,01/09/2018,11:04:15,234,38.4
KIAS-12/4,KIAS-12UP,196,24,11359,39,01/09/2018,11:33:28,234,30.8
KIAS-12/4,KIAS-12UP,199,25,11359,39,01/09/2018,11:36:43,197,28.7
KIAS-12/4,KIAS-12UP,199,25,11359,39,01/09/2018,11:37:23,0,0
KIAS-12/4,KIAS-12UP,199,25,11359,39,01/09/2018,11:37:43,0,0
KIAS-12/4,KIAS-12UP,213,27,11359,39,01/09/2018,11:43:10,0,0
KIAS-12/4,KIAS-12UP,1559,37,11359,39,01/09/2018,11:59:11,118,7.7
KIAS-12/4,KIAS-12UP,0,39,0,0,01/09/2018,12:10:56,0,0
KIAS-12/4,KIAS-12DN,0,1,0,0,01/09/2018,12:10:56,0,0
KIAS-12/4,KIAS-12DN,11359,1,9387,33,01/09/2018,12:13:45,281,49.5
KIAS-12/4,KIAS-12DN,11359,1,9387,33,01/09/2018,12:14:57,281,49.5
KIAS-12/4,KIAS-12DN,11359,1,65,25,01/09/2018,12:16:21,234,38.4
KIAS-12/4,KIAS-12DN,11359,1,9387,33,01/09/2018,12:17:15,281,49.5
KIAS-12/4,KIAS-12DN,11359,1,9387,33,01/09/2018,12:17:24,281,49.5
KIAS-12/4,KIAS-12DN,11359,1,9387,33,01/09/2018,12:18:22,281,49.5
KIAS-12/4,KIAS-12DN,11359,1,158,19,01/09/2018,12:22:03,0,0
KIAS-12/4,KIAS-12DN,11359,1,65,25,01/09/2018,12:22:23,0,0
KIAS-12/4,KIAS-12DN,11359,1,9387,33,01/09/2018,12:22:52,281,49.5
KIAS-12/4,KIAS-12DN,11359,1,349,27,01/09/2018,12:24:00,244,42.6
KIAS-12/4,KIAS-12DN,11359,1,349,27,01/09/2018,12:24:16,244,42.6
KIAS-12/4,KIAS-12DN,11359,1,349,27,01/09/2018,12:24:21,244,42.6
KIAS-12/4,KIAS-12DN,214,14,349,27,01/09/2018,12:55:26,79,15.6
KIAS-12/4,KIAS-12DN,158,19,9387,33,01/09/2018,13:46:45,69,13.4
KIAS-12/4,KIAS-12DN,349,27,9387,33,01/09/2018,14:01:51,37,6.9
KIAS-12/4,KIAS-12DN,349,27,9387,33,01/09/2018,14:02:42,37,6.9
KIAS-12/4,KIAS-12DN,349,27,9387,33,01/09/2018,14:03:10,37,6.9
KIAS-12/4,KIAS-12DN,349,27,9387,33,01/09/2018,14:03:39,37,6.9
KIAS-12/4,KIAS-12DN,0,33,0,0,01/09/2018,14:23:09,0,0
KIAS-7A/2,KIAS-12DN,0,1,0,0,01/09/2018,00:40:39,0,0
KIAS-7A/2,KIAS-12DN,11359,1,9387,33,01/09/2018,00:41:06,281,49.5
KIAS-7A/2,KIAS-12DN,11359,1,9387,33,01/09/2018,00:41:16,281,49.5
KIAS-7A/2,KIAS-12DN,11359,1,349,27,01/09/2018,00:42:55,244,42.6
KIAS-7A/2,KIAS-12DN,11359,1,9387,33,01/09/2018,00:43:16,281,49.5
KIAS-7A/2,KIAS-12DN,11359,1,349,27,01/09/2018,00:43:35,244,42.6
KIAS-7A/2,KIAS-12DN,11359,1,218,15,01/09/2018,00:43:56,197,29.2
KIAS-7A/2,KIAS-12DN,11359,1,9387,33,01/09/2018,00:45:18,281,49.5
KIAS-7A/2,KIAS-12DN,11359,1,349,27,01/09/2018,00:46:03,244,42.6
KIAS-7A/2,KIAS-12DN,11359,1,9387,33,01/09/2018,00:46:56,281,49.5
KIAS-7A/2,KIAS-12DN,11359,1,9387,33,01/09/2018,00:47:36,281,49.5
KIAS-7A/2,KIAS-12DN,11359,1,9387,33,01/09/2018,00:47:58,281,49.5
KIAS-7A/2,KIAS-12DN,11359,1,349,27,01/09/2018,00:48:56,244,42.6
KIAS-7A/2,KIAS-12DN,11359,1,9387,33,01/09/2018,00:49:11,281,49.5
KIAS-7A/2,KIAS-12DN,11359,1,349,27,01/09/2018,00:49:42,244,42.6
KIAS-7A/2,KIAS-12DN,11359,1,9387,33,01/09/2018,00:50:05,281,49.5
KIAS-7A/2,KIAS-12DN,11359,1,9387,33,01/09/2018,00:50:35,281,49.5
KIAS-7A/2,KIAS-12DN,11359,1,349,27,01/09/2018,00:51:02,488,42.6
KIAS-7A/2,KIAS-12DN,11359,1,349,27,01/09/2018,00:51:24,244,42.6
KIAS-7A/2,KIAS-12DN,11359,1,349,27,01/09/2018,00:51:41,244,42.6
KIAS-7A/2,KIAS-12DN,11359,1,349,27,01/09/2018,00:53:33,244,42.6
KIAS-7A/2,KIAS-12DN,11359,1,9387,33,01/09/2018,00:53:55,281,49.5
KIAS-7A/2,KIAS-12DN,11359,1,218,15,01/09/2018,00:54:04,197,29.2
KIAS-7A/2,KIAS-12DN,11359,1,9387,33,01/09/2018,00:54:17,281,49.5
KIAS-7A/2,KIAS-12DN,11359,1,9387,33,01/09/2018,00:54:47,281,49.5
KIAS-7A/2,KIAS-12DN,11359,1,9387,33,01/09/2018,00:55:00,562,49.5
KIAS-7A/2,KIAS-12DN,11359,1,9387,33,01/09/2018,00:55:26,281,49.5
KIAS-7A/2,KIAS-12DN,11359,1,65,25,01/09/2018,00:56:08,234,38.4
KIAS-7A/2,KIAS-12DN,11359,1,9387,33,01/09/2018,00:56:28,281,49.5
KIAS-7A/2,KIAS-12DN,11359,1,9387,33,01/09/2018,00:58:39,281,49.5
KIAS-7A/2,KIAS-12DN,11359,1,65,25,01/09/2018,00:58:53,234,38.4
KIAS-7A/2,KIAS-12DN,11359,1,9387,33,01/09/2018,00:59:25,281,49.5
KIAS-7A/2,KIAS-12DN,11359,1,349,27,01/09/2018,00:59:59,488,42.6
KIAS-7A/2,KIAS-12DN,11359,1,218,15,01/09/2018,01:00:18,197,29.2
KIAS-7A/2,KIAS-12DN,11359,1,349,27,01/09/2018,01:01:10,244,42.6
KIAS-7A/2,KIAS-12DN,11359,1,9387,33,01/09/2018,01:01:55,281,49.5
KIAS-7A/2,KIAS-12DN,11359,1,349,27,01/09/2018,01:02:42,244,42.6
KIAS-7A/2,KIAS-12DN,11359,1,9387,33,01/09/2018,01:03:16,0,0
KIAS-7A/2,KIAS-12DN,11359,1,17,28,01/09/2018,01:05:37,281,44.6
KIAS-7A/2,KIAS-12DN,0,28,0,0,01/09/2018,02:16:36,0,0
KIAS-12/6,KIAS-12UP,0,1,0,0,01/09/2018,12:40:26,0,0
KIAS-12/6,KIAS-12UP,9387,1,11359,39,01/09/2018,12:40:40,281,49.3
KIAS-12/6,KIAS-12UP,9387,1,11359,39,01/09/2018,13:00:04,281,49.3
KIAS-12/6,KIAS-12UP,2937,10,57,14,01/09/2018,13:33:50,21,4
KIAS-12/6,KIAS-12UP,2937,10,8379,21,01/09/2018,13:34:02,37,6.9
KIAS-12/6,KIAS-12UP,2937,10,8379,21,01/09/2018,13:34:15,37,6.9
KIAS-12/6,KIAS-12UP,2937,10,11359,39,01/09/2018,13:34:28,244,42.5
KIAS-12/6,KIAS-12UP,2937,10,199,25,01/09/2018,13:34:54,69,13.7
KIAS-12/6,KIAS-12UP,2937,10,195,22,01/09/2018,13:35:17,48,8.2
KIAS-12/6,KIAS-12UP,2937,10,8379,21,01/09/2018,13:35:40,37,6.9
KIAS-12/6,KIAS-12UP,2937,10,11359,39,01/09/2018,13:35:48,244,42.5
KIAS-12/6,KIAS-12UP,2937,10,213,27,01/09/2018,13:36:05,79,17.5
KIAS-12/6,KIAS-12UP,2937,10,195,22,01/09/2018,13:36:45,48,8.2
KIAS-12/6,KIAS-12UP,2937,10,2961,13,01/09/2018,13:37:40,16,1.7
KIAS-12/6,KIAS-12UP,2937,10,11359,39,01/09/2018,13:37:54,244,42.5
KIAS-12/6,KIAS-12UP,2937,10,11359,39,01/09/2018,13:38:07,244,42.5
KIAS-12/6,KIAS-12UP,2937,10,8379,21,01/09/2018,13:38:35,37,6.9
KIAS-12/6,KIAS-12UP,2961,13,8379,21,01/09/2018,13:40:35,21,5.2
KIAS-12/6,KIAS-12UP,2961,13,57,14,01/09/2018,13:42:19,0,0
KIAS-12/6,KIAS-12UP,57,14,11359,39,01/09/2018,13:49:01,934,38.4
KIAS-12/6,KIAS-12UP,57,14,11359,39,01/09/2018,13:51:22,0,0
KIAS-12/6,KIAS-12UP,57,14,11359,39,01/09/2018,13:51:54,234,38.4
KIAS-12/6,KIAS-12UP,57,14,11359,39,01/09/2018,13:52:16,234,38.4
KIAS-12/6,KIAS-12UP,57,14,11359,39,01/09/2018,13:53:29,0,0
KIAS-12/6,KIAS-12UP,57,14,11359,39,01/09/2018,13:55:40,0,0
KIAS-12/6,KIAS-12UP,196,24,11359,39,01/09/2018,14:21:00,234,30.8
KIAS-12/6,KIAS-12UP,199,25,11359,39,01/09/2018,14:27:27,197,28.7
KIAS-12/6,KIAS-12UP,213,27,11359,39,01/09/2018,14:34:03,160,24.9
KIAS-12/6,KIAS-12UP,0,39,0,0,01/09/2018,15:14:39,0,0
KIAS-12/6,KIAS-12DN,0,1,0,0,01/09/2018,15:14:50,0,0
KIAS-12/6,KIAS-12DN,11359,1,117,29,01/09/2018,15:15:02,281,46.5
KIAS-12/6,KIAS-12DN,11359,1,9387,33,01/09/2018,15:15:52,562,49.5
KIAS-12/6,KIAS-12DN,11359,1,9387,33,01/09/2018,15:16:01,281,49.5
KIAS-12/6,KIAS-12DN,11359,1,65,25,01/09/2018,15:17:22,234,38.4
KIAS-12/6,KIAS-12DN,11359,1,65,25,01/09/2018,15:17:48,234,38.4
KIAS-12/6,KIAS-12DN,11359,1,9387,33,01/09/2018,15:18:37,562,49.5
KIAS-12/6,KIAS-12DN,11359,1,65,25,01/09/2018,15:19:09,467,38.4
KIAS-12/6,KIAS-12DN,11359,1,117,29,01/09/2018,15:19:45,281,46.5
KIAS-12/6,KIAS-12DN,11359,1,214,14,01/09/2018,15:20:42,0,0
KIAS-12/6,KIAS-12DN,11359,1,214,14,01/09/2018,15:20:59,341,27
KIAS-12/6,KIAS-12DN,11359,1,349,27,01/09/2018,15:21:22,244,42.6
KIAS-12/6,KIAS-12DN,11359,1,9387,33,01/09/2018,15:21:53,281,49.5
KIAS-12/6,KIAS-12DN,11359,1,117,29,01/09/2018,15:22:23,281,46.5
KIAS-12/6,KIAS-12DN,11359,1,65,25,01/09/2018,15:22:38,234,38.4
KIAS-12/6,KIAS-12DN,11359,1,349,27,01/09/2018,15:26:23,244,42.6
KIAS-12/6,KIAS-12DN,11359,1,9387,33,01/09/2018,15:26:53,281,49.5
KIAS-12/6,KIAS-12DN,11359,1,9387,33,01/09/2018,15:27:25,281,49.5
KIAS-12/6,KIAS-12DN,11359,1,214,14,01/09/2018,15:28:38,0,0
KIAS-12/6,KIAS-12DN,11359,1,17,28,01/09/2018,15:29:38,0,0
KIAS-12/6,KIAS-12DN,214,14,65,25,01/09/2018,16:03:52,69,11.4
KIAS-12/6,KIAS-12DN,349,27,9387,33,01/09/2018,16:46:48,74,6.9
KIAS-12/6,KIAS-12DN,349,27,9387,33,01/09/2018,16:47:00,74,6.9
KIAS-12/6,KIAS-12DN,0,33,0,0,01/09/2018,17:38:20,0,0
KIAS-12/6,KIAS-12UP,0,1,0,0,01/09/2018,17:38:29,0,0
KIAS-12/6,KIAS-12UP,9387,1,11359,39,01/09/2018,17:38:43,281,49.3
KIAS-12/6,KIAS-12UP,9387,1,11359,39,01/09/2018,17:38:59,281,49.3
KIAS-12/6,KIAS-12UP,9387,1,11359,39,01/09/2018,17:39:49,281,49.3
KIAS-12/6,KIAS-12UP,9387,1,11359,39,01/09/2018,17:48:21,281,49.3
KIAS-12/6,KIAS-12UP,9387,1,11359,39,01/09/2018,17:48:44,281,49.3
KIAS-12/6,KIAS-12UP,9387,1,11359,39,01/09/2018,17:49:57,281,49.3
KIAS-12/6,KIAS-12UP,2937,10,4973,26,01/09/2018,18:23:27,158,16.2
KIAS-12/6,KIAS-12UP,2937,10,213,27,01/09/2018,18:23:53,79,17.5
KIAS-12/6,KIAS-12UP,2937,10,196,24,01/09/2018,18:24:05,69,11.7
KIAS-12/6,KIAS-12UP,2937,10,4973,26,01/09/2018,18:24:34,79,16.2
KIAS-12/6,KIAS-12UP,2937,10,11359,39,01/09/2018,18:24:50,244,42.5
KIAS-12/6,KIAS-12UP,2937,10,4973,26,01/09/2018,18:25:17,79,16.2
KIAS-12/6,KIAS-12UP,2937,10,11359,39,01/09/2018,18:25:45,488,42.5
KIAS-12/6,KIAS-12UP,57,14,196,24,01/09/2018,18:40:18,48,7.6
KIAS-12/6,KIAS-12UP,57,14,11359,39,01/09/2018,18:40:49,234,38.4
KIAS-12/6,KIAS-12UP,196,24,4973,26,01/09/2018,19:05:38,0,0
KIAS-12/6,KIAS-12UP,196,24,213,27,01/09/2018,19:06:02,37,5.9
KIAS-12/6,KIAS-12UP,196,24,213,27,01/09/2018,19:06:24,37,5.9
KIAS-12/6,KIAS-12UP,4973,26,207,29,01/09/2018,19:22:11,0,0
KIAS-12/6,KIAS-12UP,4973,26,11359,39,01/09/2018,19:22:45,171,26.2
KIAS-12/6,KIAS-12UP,0,39,0,0,01/09/2018,20:09:17,0,0
KIAS-12/6,KIAS-12DN,0,1,0,0,01/09/2018,20:09:30,0,0
KIAS-12/6,KIAS-12DN,11359,1,349,27,01/09/2018,20:09:47,244,42.6
KIAS-12/6,KIAS-12DN,11359,1,117,29,01/09/2018,20:10:09,281,46.5
KIAS-12/6,KIAS-12DN,11359,1,9387,33,01/09/2018,20:10:29,281,49.5
KIAS-12/6,KIAS-12DN,11359,1,9387,33,01/09/2018,20:11:11,281,49.5
KIAS-12/6,KIAS-12DN,11359,1,65,25,01/09/2018,20:11:30,234,38.4
KIAS-12/6,KIAS-12DN,11359,1,349,27,01/09/2018,20:14:35,488,42.6
KIAS-12/6,KIAS-12DN,11359,1,349,27,01/09/2018,20:14:58,244,42.6
KIAS-12/6,KIAS-12DN,11359,1,214,14,01/09/2018,20:15:31,512,27
KIAS-12/6,KIAS-12DN,11359,1,117,29,01/09/2018,20:16:08,281,46.5
KIAS-12/6,KIAS-12DN,11359,1,349,27,01/09/2018,20:16:47,488,42.6
KIAS-12/6,KIAS-12DN,11359,1,349,27,01/09/2018,20:17:17,244,42.6
KIAS-12/6,KIAS-12DN,11359,1,9387,33,01/09/2018,20:18:33,281,49.5
KIAS-12/6,KIAS-12DN,11359,1,65,25,01/09/2018,20:18:50,234,38.4
KIAS-12/6,KIAS-12DN,11359,1,214,14,01/09/2018,20:19:29,171,27
KIAS-12/6,KIAS-12DN,11359,1,218,15,01/09/2018,20:20:18,0,0
KIAS-12/6,KIAS-12DN,11359,1,9387,33,01/09/2018,20:20:32,281,49.5
KIAS-12/6,KIAS-12DN,11359,1,2254,16,01/09/2018,20:21:06,0,0
KIAS-12/6,KIAS-12DN,11359,1,204,13,01/09/2018,20:21:32,0,0
KIAS-12/6,KIAS-12DN,11359,1,1889,26,01/09/2018,20:21:41,244,40.9
KIAS-12/6,KIAS-12DN,11359,1,9387,33,01/09/2018,20:22:11,562,49.5
KIAS-12/6,KIAS-12DN,11359,1,204,13,01/09/2018,20:22:39,0,0
KIAS-12/6,KIAS-12DN,11359,1,8207,22,01/09/2018,20:23:07,0,0
KIAS-12/6,KIAS-12DN,12390,2,214,14,01/09/2018,20:24:56,171,19
KIAS-12/6,KIAS-12DN,349,27,117,29,01/09/2018,21:29:26,42,3.9
KIAS-12/6,KIAS-12DN,0,33,0,0,02/09/2018,01:39:27,0,0
KIAS-12/6,KIAS-12UP,0,1,0,0,02/09/2018,01:39:35,0,0
KIAS-12/6,KIAS-12UP,2937,10,11359,39,02/09/2018,01:49:08,244,42.5
KIAS-12/6,KIAS-12UP,2937,10,11359,39,02/09/2018,01:50:12,0,0
KIAS-12/6,KIAS-12UP,57,14,11359,39,02/09/2018,01:59:58,234,38.4
KIAS-12/6,KIAS-12UP,57,14,11359,39,02/09/2018,02:01:17,234,38.4
KIAS-12/6,KIAS-12UP,57,14,11359,39,02/09/2018,02:03:10,0,0
KIAS-12/6,KIAS-12UP,0,39,0,0,02/09/2018,03:07:49,0,0
KIAS-12/6,KIAS-12DN,0,1,0,0,02/09/2018,03:07:59,0,0
KIAS-12/6,KIAS-12DN,11359,1,65,25,02/09/2018,03:08:22,467,38.4
KIAS-12/6,KIAS-12DN,11359,1,117,29,02/09/2018,03:09:03,562,46.5
KIAS-12/6,KIAS-12DN,11359,1,65,25,02/09/2018,03:10:00,234,38.4
KIAS-12/6,KIAS-12DN,11359,1,9387,33,02/09/2018,03:10:51,281,49.5
KIAS-12/6,KIAS-12DN,11359,1,1889,26,02/09/2018,03:11:10,244,40.9
KIAS-12/6,KIAS-12DN,11359,1,1889,26,02/09/2018,03:11:38,244,40.9
KIAS-12/6,KIAS-12DN,11359,1,117,29,02/09/2018,03:12:10,281,46.5
KIAS-12/6,KIAS-12DN,11359,1,117,29,02/09/2018,03:12:26,281,46.5
KIAS-12/6,KIAS-12DN,11359,1,9387,33,02/09/2018,03:12:57,281,49.5
KIAS-12/6,KIAS-12DN,11359,1,9387,33,02/09/2018,03:13:18,281,49.5
KIAS-12/6,KIAS-12DN,11359,1,65,25,02/09/2018,03:13:54,234,38.4
KIAS-12/6,KIAS-12DN,11359,1,65,25,02/09/2018,03:15:21,234,38.4
KIAS-12/6,KIAS-12DN,11359,1,17,28,02/09/2018,03:20:33,281,44.6
KIAS-12/6,KIAS-12DN,11359,1,117,29,02/09/2018,03:21:22,281,46.5
KIAS-12/6,KIAS-12DN,11359,1,9387,33,02/09/2018,03:21:49,281,49.5
KIAS-12/6,KIAS-12DN,0,33,0,0,02/09/2018,06:43:41,0,0
KIAS-12/6,KIAS-12UP,0,1,0,0,02/09/2018,06:44:00,0,0
KIAS-12/6,KIAS-12UP,9387,1,11359,39,02/09/2018,06:44:24,281,49.3
KIAS-12/6,KIAS-12UP,57,14,11359,39,02/09/2018,07:31:56,234,38.4
KIAS-12/6,KIAS-12UP,57,14,11359,39,02/09/2018,07:32:38,234,38.4
KIAS-12/6,KIAS-12UP,57,14,11359,39,02/09/2018,07:33:06,234,38.4
KIAS-12/6,KIAS-12UP,57,14,11359,39,02/09/2018,07:33:38,234,38.4
KIAS-12/6,KIAS-12UP,57,14,11359,39,02/09/2018,07:34:17,234,38.4
KIAS-12/6,KIAS-12UP,57,14,11359,39,02/09/2018,07:34:33,234,38.4
KIAS-12/6,KIAS-12UP,57,14,11359,39,02/09/2018,07:35:10,0,0
KIAS-12/6,KIAS-12UP,57,14,11359,39,02/09/2018,07:35:37,0,0
KIAS-12/6,KIAS-12UP,0,39,0,0,02/09/2018,08:57:10,0,0
KIAS-12/6,KIAS-12DN,0,1,0,0,02/09/2018,08:57:23,0,0
KIAS-12/6,KIAS-12DN,11359,1,349,27,02/09/2018,08:57:34,244,42.6
KIAS-12/6,KIAS-12DN,11359,1,65,25,02/09/2018,08:58:03,234,38.4
KIAS-12/6,KIAS-12DN,11359,1,65,25,02/09/2018,08:58:19,234,38.4
KIAS-12/6,KIAS-12DN,11359,1,9387,33,02/09/2018,09:06:35,281,49.5
KIAS-12/6,KIAS-12DN,11359,1,9387,33,02/09/2018,09:07:18,281,49.5
KIAS-12/6,KIAS-12DN,1889,26,117,29,02/09/2018,10:07:15,37,5.6
KIAS-12/6,KIAS-12DN,0,33,0,0,02/09/2018,10:25:32,0,0
KIAS-12/5,KIAS-12UP,0,1,0,0,01/09/2018,18:27:11,0,0
KIAS-12/5,KIAS-12UP,9387,1,11359,39,01/09/2018,18:31:11,281,49.3
KIAS-12/5,KIAS-12UP,9387,1,11359,39,01/09/2018,18:31:37,281,49.3
KIAS-12/5,KIAS-12UP,9387,1,11359,39,01/09/2018,18:45:31,281,49.3
KIAS-12/5,KIAS-12UP,9387,1,11359,39,01/09/2018,18:49:02,562,49.3
KIAS-12/5,KIAS-12UP,9387,1,11359,39,01/09/2018,18:50:01,281,49.3
KIAS-12/5,KIAS-12UP,2937,10,213,27,01/09/2018,19:22:31,158,17.5
KIAS-12/5,KIAS-12UP,2937,10,213,27,01/09/2018,19:23:19,158,17.5
KIAS-12/5,KIAS-12UP,2937,10,213,27,01/09/2018,19:23:56,79,17.5
KIAS-12/5,KIAS-12UP,2937,10,11359,39,01/09/2018,19:24:24,244,42.5
KIAS-12/5,KIAS-12UP,2937,10,11359,39,01/09/2018,19:25:07,488,42.5
KIAS-12/5,KIAS-12UP,2937,10,8379,21,01/09/2018,19:25:39,37,6.9
KIAS-12/5,KIAS-12UP,2937,10,11359,39,01/09/2018,19:26:11,244,42.5
KIAS-12/5,KIAS-12UP,57,14,213,27,01/09/2018,19:38:01,69,13.5
KIAS-12/5,KIAS-12UP,0,39,0,0,01/09/2018,20:48:06,0,0
KIAS-12/5,KIAS-12DN,0,1,0,0,01/09/2018,20:48:07,0,0
KIAS-12/5,KIAS-12DN,11359,1,158,19,01/09/2018,21:06:31,234,36.1
KIAS-12/5,KIAS-12DN,11359,1,117,29,01/09/2018,21:07:22,562,46.5
KIAS-12/5,KIAS-12DN,11359,1,17,28,01/09/2018,21:07:54,281,44.6
KIAS-12/5,KIAS-12DN,11359,1,9387,33,01/09/2018,21:08:27,562,49.5
KIAS-12/5,KIAS-12DN,11359,1,1889,26,01/09/2018,21:11:41,244,40.9
KIAS-12/5,KIAS-12DN,11359,1,117,29,01/09/2018,21:12:11,281,46.5
KIAS-12/5,KIAS-12DN,11359,1,9387,33,01/09/2018,21:12:33,281,49.5
KIAS-12/5,KIAS-12DN,11359,1,214,14,01/09/2018,21:13:07,171,27
KIAS-12/5,KIAS-12DN,11359,1,117,29,01/09/2018,21:14:06,281,46.5
KIAS-12/5,KIAS-12DN,11359,1,218,15,01/09/2018,21:16:14,197,29.2
KIAS-12/5,KIAS-12DN,11359,1,9387,33,01/09/2018,21:16:53,281,49.5
KIAS-12/5,KIAS-12DN,11359,1,349,27,01/09/2018,21:17:22,244,42.6
KIAS-12/5,KIAS-12DN,11359,1,2254,16,01/09/2018,21:17:55,234,31.4
KIAS-12/5,KIAS-12DN,11359,1,9387,33,01/09/2018,21:18:47,281,49.5
KIAS-12/5,KIAS-12DN,11359,1,214,14,01/09/2018,21:19:19,171,27
KIAS-12/5,KIAS-12DN,11359,1,9387,33,01/09/2018,21:20:07,281,49.5
KIAS-12/5,KIAS-12DN,11359,1,2254,16,01/09/2018,21:20:28,234,31.4
KIAS-12/5,KIAS-12DN,11359,1,349,27,01/09/2018,21:21:26,244,42.6
KIAS-12/5,KIAS-12DN,11359,1,1889,26,01/09/2018,21:21:57,244,40.9
KIAS-12/5,KIAS-12DN,11359,1,65,25,01/09/2018,21:22:16,234,38.4
KIAS-12/5,KIAS-12DN,11359,1,214,14,01/09/2018,21:22:41,171,27
KIAS-12/5,KIAS-12DN,11359,1,349,27,01/09/2018,21:23:07,244,42.6
KIAS-12/5,KIAS-12DN,349,27,117,29,01/09/2018,22:26:35,21,3.9
KIAS-12/5,KIAS-12DN,117,29,9387,33,01/09/2018,22:41:08,16,3
KIAS-12/5,KIAS-12DN,0,33,0,0,01/09/2018,22:48:01,0,0
KIAS-12/5,KIAS-12UP,0,1,0,0,01/09/2018,22:48:02,0,0
KIAS-12/5,KIAS-12UP,0,1,0,0,01/09/2018,22:48:30,0,0
KIAS-12/5,KIAS-12DN,0,1,0,0,01/09/2018,22:48:31,0,0
KIAS-12/5,KIAS-12DN,0,1,0,0,01/09/2018,22:49:15,0,0
KIAS-12/5,KIAS-12UP,0,1,0,0,01/09/2018,22:49:28,0,0
KIAS-12/5,KIAS-12UP,9387,1,11359,39,02/09/2018,02:00:32,281,49.3
KIAS-12/5,KIAS-12UP,718,6,11359,39,02/09/2018,02:08:50,281,46.5
KIAS-12/5,KIAS-12UP,718,6,11359,39,02/09/2018,02:09:33,281,46.5
KIAS-12/5,KIAS-12UP,199,25,11359,39,02/09/2018,02:39:38,197,28.7
KIAS-12/5,KIAS-12UP,213,27,11359,39,02/09/2018,02:45:19,160,24.9
KIAS-12/5,KIAS-12UP,0,39,0,0,02/09/2018,03:09:11,0,0
KIAS-12/5,KIAS-12DN,0,1,0,0,02/09/2018,03:09:11,0,0
KIAS-12/5,KIAS-12DN,11359,1,349,27,02/09/2018,03:31:45,244,42.6
KIAS-12/5,KIAS-12DN,11359,1,65,25,02/09/2018,03:32:40,234,38.4
KIAS-12/5,KIAS-12DN,11359,1,9387,33,02/09/2018,03:35:44,281,49.5
KIAS-12/5,KIAS-12DN,11359,1,65,25,02/09/2018,03:35:56,234,38.4
KIAS-12/5,KIAS-12DN,11359,1,218,15,02/09/2018,03:37:10,197,29.2
KIAS-12/5,KIAS-12DN,0,33,0,0,02/09/2018,04:43:41,0,0
KIAS-12/5,KIAS-12UP,0,1,0,0,02/09/2018,04:43:41,0,0
KIAS-12/5,KIAS-12UP,9387,1,11359,39,02/09/2018,06:20:38,281,49.3
KIAS-12/5,KIAS-12UP,722,7,199,25,02/09/2018,06:31:18,79,16
KIAS-12/5,KIAS-12UP,2937,10,11359,39,02/09/2018,06:41:39,488,42.5
KIAS-12/5,KIAS-12UP,57,14,213,27,02/09/2018,06:52:34,69,13.5
KIAS-12/5,KIAS-12UP,57,14,4973,26,02/09/2018,06:53:15,69,12.2
KIAS-12/5,KIAS-12UP,8379,21,11359,39,02/09/2018,06:59:22,467,35.6
KIAS-12/5,KIAS-12UP,1125,31,11359,39,02/09/2018,07:21:56,145,18.8
KIAS-12/5,KIAS-12UP,0,39,0,0,02/09/2018,07:38:09,0,0
KIAS-12/5,KIAS-12DN,0,1,0,0,02/09/2018,07:38:09,0,0
KIAS-12/5,KIAS-12DN,11359,1,1889,26,02/09/2018,08:38:21,244,40.9
KIAS-12/5,KIAS-12DN,11359,1,9387,33,02/09/2018,08:38:55,281,49.5
KIAS-12/5,KIAS-12DN,11359,1,9387,33,02/09/2018,08:39:10,281,49.5
KIAS-12/5,KIAS-12DN,11359,1,65,25,02/09/2018,08:39:45,234,38.4
KIAS-12/5,KIAS-12DN,11359,1,9387,33,02/09/2018,08:40:09,281,49.5
KIAS-12/5,KIAS-12DN,11359,1,117,29,02/09/2018,08:40:34,281,46.5
KIAS-12/5,KIAS-12DN,11359,1,9387,33,02/09/2018,08:41:07,281,49.5
KIAS-12/5,KIAS-12DN,11359,1,117,29,02/09/2018,08:41:22,281,46.5
KIAS-12/5,KIAS-12DN,11359,1,214,14,02/09/2018,08:43:11,341,27
KIAS-12/5,KIAS-12DN,11359,1,9387,33,02/09/2018,08:48:15,281,49.5
KIAS-12/5,KIAS-12DN,0,33,0,0,02/09/2018,10:10:49,0,0
KIAS-12/2,KIAS-12UP,0,1,0,0,01/09/2018,16:00:18,0,0
KIAS-12/2,KIAS-12UP,9387,1,11359,39,01/09/2018,16:10:41,281,49.3
KIAS-12/2,KIAS-12UP,2937,10,213,27,01/09/2018,16:49:34,0,0
KIAS-12/2,KIAS-12UP,2937,10,11359,39,01/09/2018,16:50:12,244,42.5
KIAS-12/2,KIAS-12UP,14574,23,11359,39,01/09/2018,17:30:43,234,32.5
KIAS-12/2,KIAS-12UP,213,27,11359,39,01/09/2018,17:48:44,0,0
KIAS-12/2,KIAS-12UP,0,39,0,0,01/09/2018,18:12:23,0,0
KIAS-12/2,KIAS-12DN,0,1,0,0,01/09/2018,18:12:36,0,0
KIAS-12/2,KIAS-12DN,11359,1,9387,33,01/09/2018,18:40:45,281,49.5
KIAS-12/2,KIAS-12DN,11359,1,9387,33,01/09/2018,18:41:22,281,49.5
KIAS-12/2,KIAS-12DN,11359,1,9387,33,01/09/2018,18:42:14,281,49.5
KIAS-12/2,KIAS-12DN,11359,1,349,27,01/09/2018,18:43:04,244,42.6
KIAS-12/2,KIAS-12DN,11359,1,9387,33,01/09/2018,18:43:46,281,49.5
KIAS-12/2,KIAS-12DN,11359,1,65,25,01/09/2018,18:44:17,234,38.4
KIAS-12/2,KIAS-12DN,11359,1,65,25,01/09/2018,18:44:38,234,38.4
KIAS-12/2,KIAS-12DN,11359,1,9387,33,01/09/2018,18:45:33,281,49.5
KIAS-12/2,KIAS-12DN,11359,1,9387,33,01/09/2018,18:45:52,281,49.5
KIAS-12/2,KIAS-12DN,11359,1,349,27,01/09/2018,18:46:14,244,42.6
KIAS-12/2,KIAS-12DN,11359,1,349,27,01/09/2018,18:47:06,244,42.6
KIAS-12/2,KIAS-12DN,11359,1,65,25,01/09/2018,18:47:30,234,38.4
KIAS-12/2,KIAS-12DN,11359,1,349,27,01/09/2018,18:51:48,244,42.6
KIAS-12/2,KIAS-12DN,11359,1,349,27,01/09/2018,18:52:29,244,42.6
KIAS-12/2,KIAS-12DN,11359,1,9387,33,01/09/2018,18:53:35,562,49.5
KIAS-12/2,KIAS-12DN,11359,1,158,19,01/09/2018,18:55:10,234,36.1
KIAS-12/2,KIAS-12DN,11359,1,9387,33,01/09/2018,18:55:36,281,49.5
KIAS-12/2,KIAS-12DN,11359,1,349,27,01/09/2018,18:55:54,244,42.6
KIAS-12/2,KIAS-12DN,11359,1,349,27,01/09/2018,18:57:12,244,42.6
KIAS-12/2,KIAS-12DN,11359,1,158,19,01/09/2018,18:57:58,0,0
KIAS-12/2,KIAS-12DN,11359,1,1889,26,01/09/2018,18:58:13,0,0
KIAS-12/2,KIAS-12DN,11359,1,158,19,01/09/2018,18:58:37,0,0
KIAS-12/2,KIAS-12DN,11359,1,9387,33,01/09/2018,18:59:05,281,49.5
KIAS-12/2,KIAS-12DN,11359,1,9387,33,01/09/2018,19:00:04,0,0
KIAS-12/2,KIAS-12DN,0,33,0,0,01/09/2018,20:50:35,0,0
KIAS-12/2,KIAS-12UP,0,1,0,0,01/09/2018,20:50:45,0,0
KIAS-12/2,KIAS-12UP,9387,1,11359,39,01/09/2018,21:16:45,562,49.3
KIAS-12/2,KIAS-12UP,9387,1,11359,39,01/09/2018,21:17:53,281,49.3
KIAS-12/2,KIAS-12UP,9387,1,11359,39,01/09/2018,21:23:37,281,49.3
KIAS-12/2,KIAS-12UP,9387,1,11359,39,01/09/2018,21:25:26,281,49.3
KIAS-12/2,KIAS-12UP,722,7,213,27,01/09/2018,21:41:51,79,19.8
KIAS-12/2,KIAS-12UP,2937,10,57,14,01/09/2018,21:44:21,21,4
KIAS-12/2,KIAS-12UP,2937,10,11359,39,01/09/2018,21:44:55,244,42.5
KIAS-12/2,KIAS-12UP,2937,10,196,24,01/09/2018,21:45:11,69,11.7
KIAS-12/2,KIAS-12UP,2937,10,8379,21,01/09/2018,21:46:03,37,6.9
KIAS-12/2,KIAS-12UP,2937,10,57,14,01/09/2018,21:46:24,21,4
KIAS-12/2,KIAS-12UP,2937,10,4973,26,01/09/2018,21:46:52,79,16.2
KIAS-12/2,KIAS-12UP,2937,10,11359,39,01/09/2018,21:47:32,244,42.5
KIAS-12/2,KIAS-12UP,2937,10,11359,39,01/09/2018,21:48:27,244,42.5
KIAS-12/2,KIAS-12UP,2937,10,8379,21,01/09/2018,21:48:36,37,6.9
KIAS-12/2,KIAS-12UP,2937,10,11359,39,01/09/2018,21:49:03,488,42.5
KIAS-12/2,KIAS-12UP,2937,10,11359,39,01/09/2018,21:49:49,488,42.5
KIAS-12/2,KIAS-12UP,57,14,8379,21,01/09/2018,21:57:12,16,2.9
KIAS-12/2,KIAS-12UP,57,14,11359,39,01/09/2018,21:58:23,234,38.4
KIAS-12/2,KIAS-12UP,57,14,4973,26,01/09/2018,21:58:59,0,0
KIAS-12/2,KIAS-12UP,199,25,11359,39,01/09/2018,22:22:25,197,28.7
KIAS-12/2,KIAS-12UP,4973,26,11359,39,01/09/2018,22:24:54,171,26.2
KIAS-12/2,KIAS-12UP,1559,37,11359,39,01/09/2018,22:47:23,0,0
KIAS-12/2,KIAS-12UP,0,39,0,0,01/09/2018,22:53:01,0,0
KIAS-12/2,KIAS-12DN,0,1,0,0,01/09/2018,22:53:11,0,0
KIAS-12/2,KIAS-12DN,11359,1,1889,26,01/09/2018,23:40:59,244,40.9
KIAS-12/2,KIAS-12DN,11359,1,17,28,01/09/2018,23:42:37,281,44.6
KIAS-12/2,KIAS-12DN,11359,1,9387,33,01/09/2018,23:43:23,281,49.5
KIAS-12/2,KIAS-12DN,11359,1,117,29,01/09/2018,23:43:53,281,46.5
KIAS-12/2,KIAS-12DN,11359,1,9387,33,01/09/2018,23:44:24,281,49.5
KIAS-12/2,KIAS-12DN,11359,1,117,29,01/09/2018,23:45:07,281,46.5
KIAS-12/2,KIAS-12DN,11359,1,349,27,01/09/2018,23:47:07,732,42.6
KIAS-12/2,KIAS-12DN,11359,1,214,14,01/09/2018,23:47:53,171,27
KIAS-12/2,KIAS-12DN,11359,1,17,28,01/09/2018,23:48:30,281,44.6
KIAS-12/2,KIAS-12DN,11359,1,65,25,01/09/2018,23:48:54,234,38.4
KIAS-12/2,KIAS-12DN,11359,1,9387,33,01/09/2018,23:49:40,281,49.5
KIAS-12/2,KIAS-12DN,11359,1,218,15,01/09/2018,23:50:06,394,29.2
KIAS-12/2,KIAS-12DN,11359,1,214,14,01/09/2018,23:53:41,341,27
KIAS-12/2,KIAS-12DN,11359,1,349,27,01/09/2018,23:55:04,244,42.6
KIAS-12/2,KIAS-12DN,11359,1,1642,3,01/09/2018,23:55:25,236,8.5
KIAS-12/2,KIAS-12DN,11359,1,204,13,01/09/2018,23:56:32,160,25.6
KIAS-12/2,KIAS-12DN,11359,1,158,19,01/09/2018,23:57:35,234,36.1
KIAS-12/2,KIAS-12DN,11359,1,204,13,01/09/2018,23:58:00,160,25.6
KIAS-12/2,KIAS-12DN,11359,1,204,13,01/09/2018,23:59:44,160,25.6
KIAS-12/2,KIAS-12DN,11359,1,9387,33,02/09/2018,00:00:10,281,49.5
KIAS-12/2,KIAS-12DN,11359,1,158,19,02/09/2018,00:01:07,234,36.1
KIAS-12/2,KIAS-12DN,11359,1,1889,26,02/09/2018,00:01:32,488,40.9
KIAS-12/2,KIAS-12DN,11359,1,158,19,02/09/2018,00:03:06,234,36.1
KIAS-12/2,KIAS-12DN,11359,1,158,19,02/09/2018,00:04:09,234,36.1
KIAS-12/2,KIAS-12DN,11359,1,9387,33,02/09/2018,00:04:53,281,49.5
KIAS-12/2,KIAS-12DN,11359,1,9387,33,02/09/2018,00:05:25,281,49.5
KIAS-12/2,KIAS-12DN,11359,1,9387,33,02/09/2018,00:05:52,281,49.5
KIAS-12/2,KIAS-12DN,11359,1,158,19,02/09/2018,00:06:47,234,36.1
KIAS-12/2,KIAS-12DN,11359,1,349,27,02/09/2018,00:07:43,244,42.6
KIAS-12/2,KIAS-12DN,0,33,0,0,02/09/2018,00:55:20,0,0
KIAS-12/2,KIAS-12UP,0,1,0,0,02/09/2018,00:55:29,0,0
KIAS-12/2,KIAS-12UP,9387,1,11359,39,02/09/2018,01:02:54,281,49.3
KIAS-12/2,KIAS-12UP,9387,1,11359,39,02/09/2018,01:03:20,281,49.3
KIAS-12/2,KIAS-12UP,9387,1,11359,39,02/09/2018,01:04:27,281,49.3
KIAS-12/2,KIAS-12UP,9387,1,11359,39,02/09/2018,01:07:49,562,49.3
KIAS-12/2,KIAS-12UP,718,6,11359,39,02/09/2018,01:11:19,281,46.5
KIAS-12/2,KIAS-12UP,2937,10,2961,13,02/09/2018,01:19:11,32,1.7
KIAS-12/2,KIAS-12UP,2937,10,11359,39,02/09/2018,01:21:06,244,42.5
KIAS-12/2,KIAS-12UP,2937,10,11359,39,02/09/2018,01:21:26,488,42.5
KIAS-12/2,KIAS-12UP,57,14,195,22,02/09/2018,01:28:39,21,4.2
KIAS-12/2,KIAS-12UP,57,14,195,22,02/09/2018,01:29:01,21,4.2
KIAS-12/2,KIAS-12UP,57,14,195,22,02/09/2018,01:30:06,21,4.2
KIAS-12/2,KIAS-12UP,57,14,195,22,02/09/2018,01:30:46,21,4.2
KIAS-12/2,KIAS-12UP,57,14,11359,39,02/09/2018,01:31:47,234,38.4
KIAS-12/2,KIAS-12UP,0,39,0,0,02/09/2018,02:16:56,0,0
KIAS-12/2,KIAS-12DN,0,1,0,0,02/09/2018,02:17:06,0,0
KIAS-12/2,KIAS-12DN,0,1,0,0,02/09/2018,09:09:13,0,0
KIAS-12/2,KIAS-12UP,0,1,0,0,02/09/2018,09:09:22,0,0
KIAS-12/2,KIAS-12UP,0,1,0,0,02/09/2018,09:09:28,0,0
KIAS-12/2,KIAS-12UP,0,1,0,0,02/09/2018,09:09:29,0,0
KIAS-12/2,KIAS-12UP,0,1,0,0,02/09/2018,09:09:44,0,0
KIAS-12/2,KIAS-12DN,0,1,0,0,02/09/2018,09:09:51,0,0
KIAS-12/2,KIAS-12DN,11359,1,9387,33,02/09/2018,09:44:21,281,49.5
KIAS-12/2,KIAS-12DN,11359,1,117,29,02/09/2018,09:45:35,281,46.5
KIAS-12/2,KIAS-12DN,11359,1,117,29,02/09/2018,09:45:45,281,46.5
KIAS-12/2,KIAS-12DN,11359,1,9387,33,02/09/2018,09:46:13,281,49.5
KIAS-12/2,KIAS-12DN,11359,1,117,29,02/09/2018,09:46:36,281,46.5
KIAS-12/2,KIAS-12DN,11359,1,9387,33,02/09/2018,09:47:15,562,49.5
KIAS-12/2,KIAS-12DN,11359,1,117,29,02/09/2018,09:47:55,562,46.5
KIAS-12/2,KIAS-12DN,11359,1,9387,33,02/09/2018,09:49:00,562,49.5
KIAS-12/2,KIAS-12DN,11359,1,349,27,02/09/2018,09:50:04,244,42.6
KIAS-12/2,KIAS-12DN,11359,1,9387,33,02/09/2018,09:50:47,281,49.5
KIAS-12/2,KIAS-12DN,11359,1,9387,33,02/09/2018,09:52:13,281,49.5
KIAS-12/2,KIAS-12DN,11359,1,9387,33,02/09/2018,09:52:44,562,49.5
KIAS-12/2,KIAS-12DN,11359,1,349,27,02/09/2018,09:58:52,244,42.6
KIAS-12/2,KIAS-12DN,11359,1,9387,33,02/09/2018,09:59:52,562,49.5
KIAS-12/2,KIAS-12DN,11359,1,214,14,02/09/2018,10:00:34,171,27
KIAS-12/2,KIAS-12DN,11359,1,158,19,02/09/2018,10:01:18,467,36.1
KIAS-12/2,KIAS-12DN,11359,1,124,18,02/09/2018,10:01:56,234,34.4
KIAS-12/2,KIAS-12DN,11359,1,9387,33,02/09/2018,10:02:28,281,49.5
KIAS-12/2,KIAS-12DN,11359,1,204,13,02/09/2018,10:02:52,160,25.6
KIAS-12/2,KIAS-12DN,11359,1,9387,33,02/09/2018,10:03:23,281,49.5
KIAS-12/2,KIAS-12DN,11359,1,9387,33,02/09/2018,10:03:58,281,49.5
KIAS-12/2,KIAS-12DN,11359,1,204,13,02/09/2018,10:04:41,160,25.6
KIAS-12/2,KIAS-12DN,11359,1,65,25,02/09/2018,10:05:17,234,38.4
KIAS-12/2,KIAS-12DN,349,27,9387,33,02/09/2018,11:00:44,37,6.9
KIAS-12/2,KIAS-12DN,0,33,0,0,02/09/2018,11:18:37,0,0
KIAS-12/1,KIAS-12UP,0,1,0,0,01/09/2018,14:19:55,0,0
KIAS-12/1,KIAS-12UP,9387,1,11359,39,01/09/2018,14:41:19,281,49.3
KIAS-12/1,KIAS-12UP,2937,10,11359,39,01/09/2018,15:14:06,488,42.5
KIAS-12/1,KIAS-12UP,2937,10,11359,39,01/09/2018,15:14:31,244,42.5
KIAS-12/1,KIAS-12UP,2937,10,11359,39,01/09/2018,15:15:44,244,42.5
KIAS-12/1,KIAS-12UP,8379,21,11359,39,01/09/2018,15:43:12,234,35.6
KIAS-12/1,KIAS-12UP,4973,26,11359,39,01/09/2018,16:08:17,171,26.2
KIAS-12/1,KIAS-12UP,213,27,11359,39,01/09/2018,16:09:56,320,24.9
KIAS-12/1,KIAS-12UP,0,39,0,0,01/09/2018,16:42:10,0,0
KIAS-12/1,KIAS-12DN,0,1,0,0,01/09/2018,16:42:10,0,0
KIAS-12/1,KIAS-12DN,11359,1,349,27,01/09/2018,16:42:47,244,42.6
KIAS-12/1,KIAS-12DN,11359,1,9387,33,01/09/2018,16:43:39,281,49.5
KIAS-12/1,KIAS-12DN,11359,1,117,29,01/09/2018,16:43:48,281,46.5
KIAS-12/1,KIAS-12DN,11359,1,9387,33,01/09/2018,16:44:13,281,49.5
KIAS-12/1,KIAS-12DN,11359,1,117,29,01/09/2018,16:44:21,281,46.5
KIAS-12/1,KIAS-12DN,11359,1,214,14,01/09/2018,16:44:46,341,27
KIAS-12/1,KIAS-12DN,11359,1,117,29,01/09/2018,16:45:16,281,46.5
KIAS-12/1,KIAS-12DN,11359,1,349,27,01/09/2018,16:45:40,244,42.6
KIAS-12/1,KIAS-12DN,11359,1,218,15,01/09/2018,16:45:58,197,29.2
KIAS-12/1,KIAS-12DN,11359,1,214,14,01/09/2018,16:46:08,171,27
KIAS-12/1,KIAS-12DN,11359,1,1889,26,01/09/2018,16:46:31,244,40.9
KIAS-12/1,KIAS-12DN,11359,1,117,29,01/09/2018,16:46:41,281,46.5
KIAS-12/1,KIAS-12DN,11359,1,9387,33,01/09/2018,16:47:11,281,49.5
KIAS-12/1,KIAS-12DN,11359,1,9387,33,01/09/2018,16:47:22,281,49.5
KIAS-12/1,KIAS-12DN,11359,1,9387,33,01/09/2018,16:47:53,281,49.5
KIAS-12/1,KIAS-12DN,11359,1,117,29,01/09/2018,16:48:09,281,46.5
KIAS-12/1,KIAS-12DN,11359,1,17,28,01/09/2018,16:49:05,281,44.6
KIAS-12/1,KIAS-12DN,11359,1,17,28,01/09/2018,16:49:12,281,44.6
KIAS-12/1,KIAS-12DN,11359,1,349,27,01/09/2018,16:51:27,244,42.6
KIAS-12/1,KIAS-12DN,204,13,2254,16,01/09/2018,17:18:13,37,5.8
KIAS-12/1,KIAS-12DN,214,14,349,27,01/09/2018,17:24:38,158,15.6
KIAS-12/1,KIAS-12DN,124,18,349,27,01/09/2018,17:42:30,48,8.2
KIAS-12/1,KIAS-12DN,0,33,0,0,01/09/2018,19:03:18,0,0
KIAS-12/1,KIAS-12UP,0,1,0,0,01/09/2018,19:03:18,0,0
KIAS-12/1,KIAS-12UP,9387,1,11359,39,01/09/2018,19:03:28,281,49.3
KIAS-12/1,KIAS-12UP,9387,1,11359,39,01/09/2018,19:04:13,562,49.3
KIAS-12/1,KIAS-12UP,9387,1,213,27,01/09/2018,19:14:14,90,24.4
KIAS-12/1,KIAS-12UP,2937,10,4973,26,01/09/2018,19:55:35,79,16.2
KIAS-12/1,KIAS-12UP,2937,10,11359,39,01/09/2018,19:56:14,244,42.5
KIAS-12/1,KIAS-12UP,57,14,11359,39,01/09/2018,20:10:34,234,38.4
KIAS-12/1,KIAS-12UP,57,14,11359,39,01/09/2018,20:11:15,234,38.4
KIAS-12/1,KIAS-12UP,57,14,11359,39,01/09/2018,20:12:03,234,38.4
KIAS-12/1,KIAS-12UP,57,14,213,27,01/09/2018,20:12:53,69,13.5
KIAS-12/1,KIAS-12UP,57,14,11359,39,01/09/2018,20:13:13,234,38.4
KIAS-12/1,KIAS-12UP,57,14,199,25,01/09/2018,20:13:51,58,9.7
KIAS-12/1,KIAS-12UP,57,14,11359,39,01/09/2018,20:15:46,234,38.4
KIAS-12/1,KIAS-12UP,57,14,11359,39,01/09/2018,20:16:04,467,38.4
KIAS-12/1,KIAS-12UP,199,25,11359,39,01/09/2018,20:49:55,394,28.7
KIAS-12/1,KIAS-12UP,199,25,11359,39,01/09/2018,20:50:27,197,28.7
KIAS-12/1,KIAS-12UP,213,27,11359,39,01/09/2018,20:55:50,160,24.9
KIAS-12/1,KIAS-12UP,0,39,0,0,01/09/2018,21:37:50,0,0
KIAS-12/1,KIAS-12DN,0,1,0,0,01/09/2018,21:37:50,0,0
KIAS-12/1,KIAS-12DN,11359,1,349,27,01/09/2018,21:38:00,244,42.6
KIAS-12/1,KIAS-12DN,11359,1,349,27,01/09/2018,21:39:23,244,42.6
KIAS-12/1,KIAS-12DN,11359,1,65,25,01/09/2018,21:39:52,234,38.4
KIAS-12/1,KIAS-12DN,11359,1,349,27,01/09/2018,21:40:51,976,42.6
KIAS-12/1,KIAS-12DN,11359,1,158,19,01/09/2018,21:41:25,467,36.1
KIAS-12/1,KIAS-12DN,11359,1,117,29,01/09/2018,21:42:22,281,46.5
KIAS-12/1,KIAS-12DN,11359,1,9387,33,01/09/2018,21:42:54,281,49.5
KIAS-12/1,KIAS-12DN,11359,1,9387,33,01/09/2018,21:43:58,281,49.5
KIAS-12/1,KIAS-12DN,11359,1,349,27,01/09/2018,21:44:12,244,42.6
KIAS-12/1,KIAS-12DN,11359,1,9387,33,01/09/2018,21:44:42,281,49.5
KIAS-12/1,KIAS-12DN,11359,1,117,29,01/09/2018,21:45:25,281,46.5
KIAS-12/1,KIAS-12DN,11359,1,9387,33,01/09/2018,21:46:11,281,49.5
KIAS-12/1,KIAS-12DN,11359,1,9387,33,01/09/2018,21:46:40,281,49.5
KIAS-12/1,KIAS-12DN,11359,1,349,27,01/09/2018,21:48:44,244,42.6
KIAS-12/1,KIAS-12DN,11359,1,65,25,01/09/2018,21:49:26,234,38.4
KIAS-12/1,KIAS-12DN,11359,1,65,25,01/09/2018,21:56:41,234,38.4
KIAS-12/1,KIAS-12DN,11359,1,204,13,01/09/2018,21:57:16,160,25.6
KIAS-12/1,KIAS-12DN,11359,1,214,14,01/09/2018,21:57:52,171,27
KIAS-12/1,KIAS-12DN,11359,1,9387,33,01/09/2018,21:58:27,281,49.5
KIAS-12/1,KIAS-12DN,11359,1,349,27,01/09/2018,21:59:53,244,42.6
KIAS-12/1,KIAS-12DN,11359,1,214,14,01/09/2018,22:00:14,171,27
KIAS-12/1,KIAS-12DN,11359,1,9387,33,01/09/2018,22:00:59,281,49.5
KIAS-12/1,KIAS-12DN,11359,1,349,27,01/09/2018,22:01:23,244,42.6
KIAS-12/1,KIAS-12DN,11359,1,17,28,01/09/2018,22:01:38,281,44.6
KIAS-12/1,KIAS-12DN,158,19,117,29,01/09/2018,22:47:28,58,10.4
KIAS-12/1,KIAS-12DN,158,19,117,29,01/09/2018,22:47:53,116,10.4
KIAS-12/1,KIAS-12DN,349,27,17,28,01/09/2018,22:58:33,16,2.1
KIAS-12/1,KIAS-12DN,349,27,9387,33,01/09/2018,22:59:27,37,6.9
KIAS-12/1,KIAS-12DN,349,27,17,28,01/09/2018,23:00:13,16,2.1
KIAS-12/1,KIAS-12DN,0,33,0,0,01/09/2018,23:18:40,0,0
KIAS-12/1,KIAS-12UP,0,1,0,0,02/09/2018,04:19:13,0,0
KIAS-12/1,KIAS-12UP,0,1,0,0,02/09/2018,04:19:21,0,0
KIAS-12/1,KIAS-12UP,9387,1,11359,39,02/09/2018,04:24:58,281,49.3
KIAS-12/1,KIAS-12UP,9387,1,11359,39,02/09/2018,04:25:11,281,49.3
KIAS-12/1,KIAS-12UP,9387,1,11359,39,02/09/2018,04:26:24,281,49.3
KIAS-12/1,KIAS-12UP,9387,1,11359,39,02/09/2018,04:26:41,281,49.3
KIAS-12/1,KIAS-12UP,9387,1,11359,39,02/09/2018,04:36:19,281,49.3
KIAS-12/1,KIAS-12UP,2937,10,11359,39,02/09/2018,04:46:24,244,42.5
KIAS-12/1,KIAS-12UP,2937,10,11359,39,02/09/2018,04:47:07,244,42.5
KIAS-12/1,KIAS-12UP,2937,10,11359,39,02/09/2018,04:47:41,244,42.5
KIAS-12/1,KIAS-12UP,2937,10,11359,39,02/09/2018,04:48:25,244,42.5
KIAS-12/1,KIAS-12UP,0,39,0,0,02/09/2018,05:58:35,0,0
KIAS-12/1,KIAS-12DN,0,1,0,0,02/09/2018,05:58:35,0,0
KIAS-12/1,KIAS-12DN,11359,1,218,15,02/09/2018,05:58:45,197,29.2
KIAS-12/1,KIAS-12DN,11359,1,9387,33,02/09/2018,05:59:04,281,49.5
KIAS-12/1,KIAS-12DN,11359,1,158,19,02/09/2018,05:59:57,234,36.1
KIAS-12/1,KIAS-12DN,11359,1,9387,33,02/09/2018,06:00:22,281,49.5
KIAS-12/1,KIAS-12DN,11359,1,9387,33,02/09/2018,06:00:57,281,49.5
KIAS-12/1,KIAS-12DN,11359,1,9387,33,02/09/2018,06:02:01,281,49.5
KIAS-12/1,KIAS-12DN,11359,1,9387,33,02/09/2018,06:02:14,281,49.5
KIAS-12/1,KIAS-12DN,11359,1,9387,33,02/09/2018,06:07:08,281,49.5
KIAS-12/1,KIAS-12DN,11359,1,17,28,02/09/2018,06:07:45,843,44.6
KIAS-12/1,KIAS-12DN,11359,1,65,25,02/09/2018,06:08:57,234,38.4
KIAS-12/1,KIAS-12DN,11359,1,349,27,02/09/2018,06:09:45,244,42.6
KIAS-12/1,KIAS-12DN,11359,1,204,13,02/09/2018,06:12:13,160,25.6
KIAS-12/1,KIAS-12DN,11359,1,117,29,02/09/2018,06:13:06,281,46.5
KIAS-12/1,KIAS-12DN,11359,1,65,25,02/09/2018,06:18:20,234,38.4
KIAS-12/1,KIAS-12DN,11359,1,65,25,02/09/2018,06:18:32,234,38.4
KIAS-12/1,KIAS-12DN,11359,1,9387,33,02/09/2018,06:19:06,281,49.5
KIAS-12/1,KIAS-12DN,11359,1,9387,33,02/09/2018,06:19:55,281,49.5
KIAS-12/1,KIAS-12DN,11359,1,204,13,02/09/2018,06:20:35,160,25.6
KIAS-12/1,KIAS-12DN,11359,1,9387,33,02/09/2018,06:20:46,281,49.5
KIAS-12/1,KIAS-12DN,0,33,0,0,02/09/2018,07:47:20,0,0
KIAS-12/1,KIAS-12UP,0,1,0,0,02/09/2018,07:47:20,0,0
KIAS-12/1,KIAS-12UP,9387,1,11359,39,02/09/2018,07:47:31,281,49.3
KIAS-12/1,KIAS-12UP,9387,1,11359,39,02/09/2018,07:47:58,281,49.3
KIAS-12/1,KIAS-12UP,9387,1,11359,39,02/09/2018,07:48:08,281,49.3
KIAS-12/1,KIAS-12UP,9387,1,11359,39,02/09/2018,07:48:25,281,49.3
KIAS-12/1,KIAS-12UP,9387,1,11359,39,02/09/2018,07:48:56,281,49.3
KIAS-12/1,KIAS-12UP,9387,1,11359,39,02/09/2018,07:49:13,562,49.3
KIAS-12/1,KIAS-12UP,9387,1,213,27,02/09/2018,08:01:44,90,24.4
KIAS-12/1,KIAS-12UP,9387,1,11359,39,02/09/2018,08:14:54,281,49.3
KIAS-12/1,KIAS-12UP,9387,1,11359,39,02/09/2018,08:21:46,281,49.3
KIAS-12/1,KIAS-12UP,9387,1,11359,39,02/09/2018,08:22:38,281,49.3
KIAS-12/1,KIAS-12UP,9387,1,11359,39,02/09/2018,08:23:45,281,49.3
KIAS-12/1,KIAS-12UP,9387,1,11359,39,02/09/2018,08:25:19,281,49.3
KIAS-12/1,KIAS-12UP,2937,10,11359,39,02/09/2018,08:39:31,244,42.5
KIAS-12/1,KIAS-12UP,2937,10,11359,39,02/09/2018,08:40:37,244,42.5
KIAS-12/1,KIAS-12UP,57,14,11359,39,02/09/2018,08:54:30,234,38.4
KIAS-12/1,KIAS-12UP,57,14,11359,39,02/09/2018,08:55:26,234,38.4
KIAS-12/1,KIAS-12UP,199,25,11359,39,02/09/2018,09:16:34,197,28.7
KIAS-12/1,KIAS-12UP,199,25,11359,39,02/09/2018,09:16:42,197,28.7
KIAS-12/1,KIAS-12UP,0,39,0,0,02/09/2018,10:30:47,0,0
KIAS-12/1,KIAS-12DN,0,1,0,0,02/09/2018,10:30:47,0,0
KIAS-12/1,KIAS-12DN,11359,1,117,29,02/09/2018,10:31:00,281,46.5
KIAS-12/1,KIAS-12DN,11359,1,9387,33,02/09/2018,10:31:33,281,49.5
KIAS-12/1,KIAS-12DN,11359,1,117,29,02/09/2018,10:32:06,281,46.5
KIAS-12/1,KIAS-12DN,11359,1,9387,33,02/09/2018,10:32:43,281,49.5
KIAS-12/1,KIAS-12DN,11359,1,158,19,02/09/2018,10:33:32,467,36.1
KIAS-12/1,KIAS-12DN,11359,1,158,19,02/09/2018,10:34:07,234,36.1
KIAS-12/1,KIAS-12DN,11359,1,349,27,02/09/2018,10:34:43,244,42.6
KIAS-12/1,KIAS-12DN,11359,1,124,18,02/09/2018,10:35:23,234,34.4
KIAS-12/1,KIAS-12DN,11359,1,9387,33,02/09/2018,10:36:13,281,49.5
KIAS-12/1,KIAS-12DN,11359,1,9387,33,02/09/2018,10:36:37,281,49.5
KIAS-12/1,KIAS-12DN,11359,1,9387,33,02/09/2018,10:37:24,562,49.5
KIAS-12/1,KIAS-12DN,11359,1,214,14,02/09/2018,10:37:50,171,27
KIAS-12/1,KIAS-12DN,11359,1,349,27,02/09/2018,10:38:17,244,42.6
KIAS-12/1,KIAS-12DN,11359,1,214,14,02/09/2018,10:38:46,171,27
KIAS-12/1,KIAS-12DN,11359,1,117,29,02/09/2018,10:39:32,281,46.5
KIAS-12/1,KIAS-12DN,11359,1,204,13,02/09/2018,10:39:54,320,25.6
KIAS-12/1,KIAS-12DN,11359,1,349,27,02/09/2018,10:40:48,244,42.6
KIAS-12/1,KIAS-12DN,11359,1,158,19,02/09/2018,10:43:58,234,36.1
KIAS-12/1,KIAS-12DN,11359,1,349,27,02/09/2018,10:44:42,244,42.6
KIAS-12/1,KIAS-12DN,11359,1,902,11,02/09/2018,10:46:43,0,0
KIAS-12/1,KIAS-12DN,0,33,0,0,02/09/2018,12:17:29,0,0
KIAS-12/3,KIAS-12UP,0,1,0,0,01/09/2018,15:05:44,0,0
KIAS-12/3,KIAS-12UP,9387,1,11359,39,01/09/2018,15:09:00,281,49.3
KIAS-12/3,KIAS-12UP,2937,10,213,27,01/09/2018,15:53:56,79,17.5
KIAS-12/3,KIAS-12UP,57,14,11359,39,01/09/2018,16:11:50,467,38.4
KIAS-12/3,KIAS-12UP,57,14,4973,26,01/09/2018,16:12:34,69,12.2
KIAS-12/3,KIAS-12UP,57,14,11359,39,01/09/2018,16:13:06,467,38.4
KIAS-12/3,KIAS-12UP,57,14,11359,39,01/09/2018,16:13:28,234,38.4
KIAS-12/3,KIAS-12UP,57,14,11359,39,01/09/2018,16:13:47,234,38.4
KIAS-12/3,KIAS-12UP,196,24,11359,39,01/09/2018,16:46:57,234,30.8
KIAS-12/3,KIAS-12UP,199,25,11359,39,01/09/2018,16:51:43,197,28.7
KIAS-12/3,KIAS-12UP,4973,26,11359,39,01/09/2018,16:59:10,171,26.2
KIAS-12/3,KIAS-12UP,4973,26,11359,39,01/09/2018,16:59:37,171,26.2
KIAS-12/3,KIAS-12UP,0,39,0,0,01/09/2018,17:24:38,0,0
KIAS-12/3,KIAS-12DN,0,1,0,0,01/09/2018,17:24:43,0,0
KIAS-12/3,KIAS-12DN,11359,1,9387,33,01/09/2018,17:28:41,281,49.5
KIAS-12/3,KIAS-12DN,11359,1,9387,33,01/09/2018,17:35:31,281,49.5
KIAS-12/3,KIAS-12DN,11359,1,9387,33,01/09/2018,17:35:56,562,49.5
KIAS-12/3,KIAS-12DN,11359,1,9387,33,01/09/2018,17:36:50,281,49.5
KIAS-12/3,KIAS-12DN,11359,1,65,25,01/09/2018,17:37:15,234,38.4
KIAS-12/3,KIAS-12DN,11359,1,9387,33,01/09/2018,17:37:28,281,49.5
KIAS-12/3,KIAS-12DN,11359,1,9387,33,01/09/2018,17:37:42,281,49.5
KIAS-12/3,KIAS-12DN,11359,1,9387,33,01/09/2018,17:43:34,562,49.5
KIAS-12/3,KIAS-12DN,11359,1,117,29,01/09/2018,17:44:33,562,46.5
KIAS-12/3,KIAS-12DN,11359,1,158,19,01/09/2018,17:45:33,234,36.1
KIAS-12/3,KIAS-12DN,11359,1,214,14,01/09/2018,17:46:58,171,27
KIAS-12/3,KIAS-12DN,218,15,117,29,01/09/2018,18:26:51,79,17.3
KIAS-12/3,KIAS-12DN,158,19,17,28,01/09/2018,18:43:03,48,8.6
KIAS-12/3,KIAS-12DN,65,25,9387,33,01/09/2018,18:55:13,58,11.1
KIAS-12/3,KIAS-12DN,349,27,9387,33,01/09/2018,19:09:33,74,6.9
KIAS-12/3,KIAS-12DN,349,27,9387,33,01/09/2018,19:10:01,111,6.9
KIAS-12/3,KIAS-12DN,349,27,9387,33,01/09/2018,19:10:52,74,6.9
KIAS-12/3,KIAS-12DN,349,27,117,29,01/09/2018,19:11:30,42,3.9
KIAS-12/3,KIAS-12DN,349,27,9387,33,01/09/2018,19:12:15,37,6.9
KIAS-12/3,KIAS-12DN,0,33,0,0,01/09/2018,20:13:35,0,0
KIAS-12/3,KIAS-12UP,0,1,0,0,01/09/2018,20:13:43,0,0
KIAS-12/3,KIAS-12UP,9387,1,4973,26,01/09/2018,20:15:37,90,23.1
KIAS-12/3,KIAS-12UP,9387,1,11359,39,01/09/2018,20:21:41,281,49.3
KIAS-12/3,KIAS-12UP,2937,10,11359,39,01/09/2018,20:39:22,244,42.5
KIAS-12/3,KIAS-12UP,2937,10,11359,39,01/09/2018,20:40:27,244,42.5
KIAS-12/3,KIAS-12UP,0,39,0,0,01/09/2018,22:24:27,0,0
KIAS-12/3,KIAS-12DN,0,1,0,0,01/09/2018,22:24:34,0,0
KIAS-12/3,KIAS-12DN,11359,1,65,25,01/09/2018,22:24:43,234,38.4
KIAS-12/3,KIAS-12DN,11359,1,9387,33,01/09/2018,22:25:09,562,49.5
KIAS-12/3,KIAS-12DN,11359,1,204,13,01/09/2018,22:25:42,160,25.6
KIAS-12/3,KIAS-12DN,11359,1,117,29,01/09/2018,22:25:54,281,46.5
KIAS-12/3,KIAS-12DN,11359,1,65,25,01/09/2018,22:26:06,234,38.4
KIAS-12/3,KIAS-12DN,11359,1,17,28,01/09/2018,22:26:41,281,44.6
KIAS-12/3,KIAS-12DN,11359,1,9387,33,01/09/2018,22:26:55,281,49.5
KIAS-12/3,KIAS-12DN,11359,1,9387,33,01/09/2018,22:27:16,281,49.5
KIAS-12/3,KIAS-12DN,11359,1,65,25,01/09/2018,22:28:06,234,38.4
KIAS-12/3,KIAS-12DN,11359,1,9387,33,01/09/2018,22:28:37,281,49.5
KIAS-12/3,KIAS-12DN,11359,1,9387,33,01/09/2018,22:30:02,281,49.5
KIAS-12/3,KIAS-12DN,11359,1,9387,33,01/09/2018,22:30:24,281,49.5
KIAS-12/3,KIAS-12DN,11359,1,65,25,01/09/2018,22:31:35,234,38.4
KIAS-12/3,KIAS-12DN,11359,1,214,14,01/09/2018,22:31:44,171,27
KIAS-12/3,KIAS-12DN,11359,1,9387,33,01/09/2018,22:31:57,281,49.5
KIAS-12/3,KIAS-12DN,11359,1,65,25,01/09/2018,22:36:24,234,38.4
KIAS-12/3,KIAS-12DN,11359,1,117,29,01/09/2018,22:37:06,281,46.5
KIAS-12/3,KIAS-12DN,11359,1,10192,17,01/09/2018,22:37:33,234,33.2
KIAS-12/3,KIAS-12DN,11359,1,117,29,01/09/2018,22:40:16,281,46.5
KIAS-12/3,KIAS-12DN,124,18,65,25,01/09/2018,23:27:14,21,4
KIAS-12/3,KIAS-12DN,0,33,0,0,01/09/2018,23:52:09,0,0
KIAS-12/3,KIAS-12UP,0,1,0,0,02/09/2018,04:42:50,0,0
KIAS-12/3,KIAS-12UP,0,1,0,0,02/09/2018,04:42:55,0,0
KIAS-12/3,KIAS-12UP,9387,1,11359,39,02/09/2018,04:48:23,281,49.3
KIAS-12/3,KIAS-12UP,9387,1,11359,39,02/09/2018,04:49:58,281,49.3
KIAS-12/3,KIAS-12UP,9387,1,11359,39,02/09/2018,04:51:07,281,49.3
KIAS-12/3,KIAS-12UP,2937,10,11359,39,02/09/2018,05:10:49,488,42.5
KIAS-12/3,KIAS-12UP,2937,10,11359,39,02/09/2018,05:11:58,244,42.5
KIAS-12/3,KIAS-12UP,2961,13,11359,39,02/09/2018,05:15:28,244,40.8
KIAS-12/3,KIAS-12UP,57,14,11359,39,02/09/2018,05:24:56,234,38.4
KIAS-12/3,KIAS-12UP,57,14,11359,39,02/09/2018,05:25:06,234,38.4
KIAS-12/3,KIAS-12UP,57,14,4973,26,02/09/2018,05:25:46,69,12.2
KIAS-12/3,KIAS-12UP,196,24,11359,39,02/09/2018,05:39:22,234,30.8
KIAS-12/3,KIAS-12UP,4973,26,11359,39,02/09/2018,05:44:22,171,26.2
KIAS-12/3,KIAS-12UP,4973,26,11359,39,02/09/2018,05:46:06,7,26.2
KIAS-12/3,KIAS-12UP,0,39,0,0,02/09/2018,06:37:05,0,0
KIAS-12/3,KIAS-12DN,0,1,0,0,02/09/2018,06:37:09,0,0
KIAS-12/3,KIAS-12DN,11359,1,9387,33,02/09/2018,06:37:17,281,49.5
KIAS-12/3,KIAS-12DN,11359,1,9387,33,02/09/2018,06:37:41,562,49.5
KIAS-12/3,KIAS-12DN,11359,1,9387,33,02/09/2018,06:38:04,562,49.5
KIAS-12/3,KIAS-12DN,11359,1,9387,33,02/09/2018,06:39:14,281,49.5
KIAS-12/3,KIAS-12DN,11359,1,9387,33,02/09/2018,06:39:29,281,49.5
KIAS-12/3,KIAS-12DN,11359,1,9387,33,02/09/2018,06:39:41,281,49.5
KIAS-12/3,KIAS-12DN,11359,1,117,29,02/09/2018,06:39:54,281,46.5
KIAS-12/3,KIAS-12DN,11359,1,9387,33,02/09/2018,06:40:08,281,49.5
KIAS-12/3,KIAS-12DN,11359,1,9387,33,02/09/2018,06:40:20,281,49.5
KIAS-12/3,KIAS-12DN,11359,1,9387,33,02/09/2018,06:40:30,281,49.5
KIAS-12/3,KIAS-12DN,11359,1,204,13,02/09/2018,06:41:09,320,25.6
KIAS-12/3,KIAS-12DN,11359,1,214,14,02/09/2018,06:43:46,512,27
KIAS-12/3,KIAS-12DN,11359,1,4994,9,02/09/2018,06:44:08,145,19.6
KIAS-12/3,KIAS-12DN,11359,1,65,25,02/09/2018,06:46:18,467,38.4
KIAS-12/3,KIAS-12DN,11359,1,117,29,02/09/2018,06:52:03,281,46.5
KIAS-12/3,KIAS-12DN,11359,1,117,29,02/09/2018,06:52:32,281,46.5
KIAS-12/3,KIAS-12DN,11359,1,204,13,02/09/2018,06:53:11,160,25.6
KIAS-12/3,KIAS-12DN,11359,1,117,29,02/09/2018,06:53:43,281,46.5
KIAS-12/3,KIAS-12DN,0,33,0,0,02/09/2018,08:59:45,0,0
KIAS-12/3,KIAS-12UP,0,1,0,0,02/09/2018,08:59:50,0,0
KIAS-12/3,KIAS-12UP,9387,1,11359,39,02/09/2018,09:10:00,281,49.3
KIAS-12/3,KIAS-12UP,2937,10,11359,39,02/09/2018,09:44:23,244,42.5
KIAS-12/3,KIAS-12UP,2937,10,11359,39,02/09/2018,09:45:04,244,42.5
KIAS-12/3,KIAS-12UP,2961,13,11359,39,02/09/2018,09:49:04,244,40.8
KIAS-12/3,KIAS-12UP,2961,13,4973,26,02/09/2018,09:49:11,69,14.5
KIAS-12/3,KIAS-12UP,199,25,11359,39,02/09/2018,10:18:34,394,28.7
KIAS-12/3,KIAS-12UP,0,39,0,0,02/09/2018,10:48:18,0,0
KIAS-12/3,KIAS-12DN,0,1,0,0,02/09/2018,10:48:26,0,0
KIAS-12/3,KIAS-12DN,11359,1,117,29,02/09/2018,11:21:44,281,46.5
KIAS-12/3,KIAS-12DN,11359,1,9387,33,02/09/2018,11:22:00,281,49.5
KIAS-12/3,KIAS-12DN,11359,1,9387,33,02/09/2018,11:22:17,281,49.5
KIAS-12/3,KIAS-12DN,11359,1,349,27,02/09/2018,11:22:52,244,42.6
KIAS-12/3,KIAS-12DN,11359,1,9387,33,02/09/2018,11:23:13,281,49.5
KIAS-12/3,KIAS-12DN,11359,1,9387,33,02/09/2018,11:23:37,281,49.5
KIAS-12/3,KIAS-12DN,11359,1,9387,33,02/09/2018,11:24:28,281,49.5
KIAS-12/3,KIAS-12DN,11359,1,117,29,02/09/2018,11:24:57,281,46.5
KIAS-12/3,KIAS-12DN,11359,1,218,15,02/09/2018,11:26:08,197,29.2
KIAS-12/3,KIAS-12DN,11359,1,158,19,02/09/2018,11:26:27,234,36.1
KIAS-12/3,KIAS-12DN,11359,1,65,25,02/09/2018,11:27:08,234,38.4
KIAS-12/3,KIAS-12DN,11359,1,218,15,02/09/2018,11:37:31,394,29.2
KIAS-12/3,KIAS-12DN,11359,1,117,29,02/09/2018,11:37:51,281,46.5
KIAS-12/3,KIAS-12DN,11359,1,65,25,02/09/2018,11:38:15,234,38.4
KIAS-12/3,KIAS-12DN,11359,1,117,29,02/09/2018,11:38:30,281,46.5
KIAS-12/3,KIAS-12DN,11359,1,9387,33,02/09/2018,11:39:19,281,49.5
KIAS-12/3,KIAS-12DN,11359,1,214,14,02/09/2018,11:39:37,171,27
KIAS-12/3,KIAS-12DN,11359,1,9387,33,02/09/2018,11:39:50,281,49.5
KIAS-12/3,KIAS-12DN,11359,1,65,25,02/09/2018,11:40:11,234,38.4
KIAS-12/3,KIAS-12DN,11359,1,9387,33,02/09/2018,11:40:42,281,49.5
KIAS-12/3,KIAS-12DN,11359,1,9387,33,02/09/2018,11:41:38,281,49.5
KIAS-12/3,KIAS-12DN,11359,1,117,29,02/09/2018,11:42:00,281,46.5
KIAS-12/3,KIAS-12DN,11359,1,9387,33,02/09/2018,11:42:22,281,49.5
KIAS-12/3,KIAS-12DN,214,14,9387,33,02/09/2018,12:07:41,90,22.5
KIAS-12/3,KIAS-12DN,0,33,0,0,02/09/2018,13:23:23,0,0
KIAS-12/4,KIAS-12UP,0,1,0,0,01/09/2018,15:35:23,0,0
KIAS-12/4,KIAS-12UP,9387,1,196,24,01/09/2018,15:43:43,79,18.5
KIAS-12/4,KIAS-12UP,9387,1,11359,39,01/09/2018,15:44:15,562,49.3
KIAS-12/4,KIAS-12UP,9387,1,199,25,01/09/2018,15:45:02,79,20.6
KIAS-12/4,KIAS-12UP,9387,1,11359,39,01/09/2018,15:45:20,281,49.3
KIAS-12/4,KIAS-12UP,2937,10,4973,26,01/09/2018,16:24:18,79,16.2
KIAS-12/4,KIAS-12UP,2937,10,11359,39,01/09/2018,16:24:47,244,42.5
KIAS-12/4,KIAS-12UP,2937,10,11359,39,01/09/2018,16:25:12,244,42.5
KIAS-12/4,KIAS-12UP,2937,10,11359,39,01/09/2018,16:25:39,244,42.5
KIAS-12/4,KIAS-12UP,2937,10,11359,39,01/09/2018,16:26:03,244,42.5
KIAS-12/4,KIAS-12UP,2961,13,8379,21,01/09/2018,16:33:34,21,5.2
KIAS-12/4,KIAS-12UP,57,14,11359,39,01/09/2018,16:42:11,234,38.4
KIAS-12/4,KIAS-12UP,57,14,11359,39,01/09/2018,16:42:59,467,38.4
KIAS-12/4,KIAS-12UP,57,14,4973,26,01/09/2018,16:43:37,69,12.2
KIAS-12/4,KIAS-12UP,1559,37,11359,39,01/09/2018,17:38:17,118,7.7
KIAS-12/4,KIAS-12UP,0,39,0,0,01/09/2018,17:47:57,0,0
KIAS-12/4,KIAS-12DN,0,1,0,0,01/09/2018,18:08:08,0,0
KIAS-12/4,KIAS-12DN,11359,1,9387,33,01/09/2018,18:08:25,562,49.5
KIAS-12/4,KIAS-12DN,11359,1,9387,33,01/09/2018,18:08:56,281,49.5
KIAS-12/4,KIAS-12DN,11359,1,218,15,01/09/2018,18:09:56,394,29.2
KIAS-12/4,KIAS-12DN,11359,1,9387,33,01/09/2018,18:10:19,562,49.5
KIAS-12/4,KIAS-12DN,11359,1,204,13,01/09/2018,18:10:54,160,25.6
KIAS-12/4,KIAS-12DN,11359,1,1889,26,01/09/2018,18:11:13,244,40.9
KIAS-12/4,KIAS-12DN,11359,1,9387,33,01/09/2018,18:11:46,281,49.5
KIAS-12/4,KIAS-12DN,11359,1,9387,33,01/09/2018,18:12:13,281,49.5
KIAS-12/4,KIAS-12DN,11359,1,8207,22,01/09/2018,18:12:27,234,37.9
KIAS-12/4,KIAS-12DN,11359,1,204,13,01/09/2018,18:12:44,0,0
KIAS-12/4,KIAS-12DN,11359,1,349,27,01/09/2018,18:13:16,244,42.6
KIAS-12/4,KIAS-12DN,11359,1,218,15,01/09/2018,18:16:48,0,0
KIAS-12/4,KIAS-12DN,11359,1,9387,33,01/09/2018,18:17:13,281,49.5
KIAS-12/4,KIAS-12DN,11359,1,204,13,01/09/2018,18:17:32,160,25.6
KIAS-12/4,KIAS-12DN,11359,1,9387,33,01/09/2018,18:17:50,281,49.5
KIAS-12/4,KIAS-12DN,11359,1,218,15,01/09/2018,18:19:10,197,29.2
KIAS-12/4,KIAS-12DN,11359,1,158,19,01/09/2018,18:20:07,0,0
KIAS-12/4,KIAS-12DN,214,14,349,27,01/09/2018,18:55:30,79,15.6
KIAS-12/4,KIAS-12DN,218,15,124,18,01/09/2018,18:59:10,37,5.2
KIAS-12/4,KIAS-12DN,218,15,9387,33,01/09/2018,18:59:29,79,20.3
KIAS-12/4,KIAS-12DN,2254,16,9387,33,01/09/2018,19:02:58,79,18.1
KIAS-12/4,KIAS-12DN,17,28,117,29,01/09/2018,19:54:54,48,1.9
KIAS-12/4,KIAS-12DN,0,33,0,0,01/09/2018,20:22:56,0,0
KIAS-12/4,KIAS-12UP,0,1,0,0,01/09/2018,20:23:02,0,0
KIAS-12/4,KIAS-12UP,2937,10,4973,26,01/09/2018,21:09:01,79,16.2
KIAS-12/4,KIAS-12UP,196,24,4973,26,01/09/2018,21:45:02,21,4.6
KIAS-12/4,KIAS-12UP,196,24,4973,26,01/09/2018,21:45:24,21,4.6
KIAS-12/4,KIAS-12UP,196,24,4973,26,01/09/2018,21:45:40,21,4.6
KIAS-12/4,KIAS-12UP,199,25,4973,26,01/09/2018,21:50:50,16,2.5
KIAS-12/4,KIAS-12UP,199,25,11359,39,01/09/2018,21:52:40,197,28.7
KIAS-12/4,KIAS-12UP,4973,26,11359,39,01/09/2018,21:54:42,171,26.2
KIAS-12/4,KIAS-12UP,213,27,11359,39,01/09/2018,21:57:35,160,24.9
KIAS-12/4,KIAS-12UP,0,39,0,0,01/09/2018,22:41:37,0,0
KIAS-12/4,KIAS-12DN,0,1,0,0,01/09/2018,22:41:45,0,0
KIAS-12/4,KIAS-12DN,11359,1,8207,22,01/09/2018,23:02:41,234,37.9
KIAS-12/4,KIAS-12DN,11359,1,9387,33,01/09/2018,23:02:55,281,49.5
KIAS-12/4,KIAS-12DN,11359,1,117,29,01/09/2018,23:03:44,281,46.5
KIAS-12/4,KIAS-12DN,11359,1,158,19,01/09/2018,23:04:15,234,36.1
KIAS-12/4,KIAS-12DN,11359,1,9387,33,01/09/2018,23:04:46,281,49.5
KIAS-12/4,KIAS-12DN,11359,1,1889,26,01/09/2018,23:05:52,244,40.9
KIAS-12/4,KIAS-12DN,11359,1,17,28,01/09/2018,23:06:09,281,44.6
KIAS-12/4,KIAS-12DN,11359,1,9387,33,01/09/2018,23:06:29,281,49.5
KIAS-12/4,KIAS-12DN,11359,1,117,29,01/09/2018,23:07:03,281,46.5
KIAS-12/4,KIAS-12DN,11359,1,9387,33,01/09/2018,23:14:13,562,49.5
KIAS-12/4,KIAS-12DN,11359,1,9387,33,01/09/2018,23:14:50,562,49.5
KIAS-12/4,KIAS-12DN,11359,1,349,27,01/09/2018,23:15:53,0,0
KIAS-12/4,KIAS-12DN,0,33,0,0,02/09/2018,00:28:42,0,0
KIAS-12/4,KIAS-12UP,0,1,0,0,02/09/2018,05:33:35,0,0
KIAS-12/4,KIAS-12UP,0,1,0,0,02/09/2018,05:33:43,0,0
KIAS-12/4,KIAS-12UP,0,1,0,0,02/09/2018,05:33:46,0,0
KIAS-12/4,KIAS-12UP,9387,1,11359,39,02/09/2018,05:48:47,281,49.3
KIAS-12/4,KIAS-12UP,2937,10,11359,39,02/09/2018,06:12:42,244,42.5
KIAS-12/4,KIAS-12UP,2937,10,11359,39,02/09/2018,06:13:08,244,42.5
KIAS-12/4,KIAS-12UP,2937,10,11359,39,02/09/2018,06:13:33,488,42.5
KIAS-12/4,KIAS-12UP,2937,10,11359,39,02/09/2018,06:13:54,244,42.5
KIAS-12/4,KIAS-12UP,57,14,11359,39,02/09/2018,06:24:05,467,38.4
KIAS-12/4,KIAS-12UP,199,25,11359,39,02/09/2018,06:37:48,197,28.7
KIAS-12/4,KIAS-12UP,199,25,11359,39,02/09/2018,06:38:27,0,0
KIAS-12/4,KIAS-12UP,199,25,11359,39,02/09/2018,06:38:37,0,0
KIAS-12/4,KIAS-12UP,4973,26,11359,39,02/09/2018,06:40:49,171,26.2
KIAS-12/4,KIAS-12UP,4973,26,11359,39,02/09/2018,06:41:02,0,0
KIAS-12/4,KIAS-12UP,213,27,11359,39,02/09/2018,06:43:38,0,0
KIAS-12/4,KIAS-12UP,213,27,11359,39,02/09/2018,06:43:52,0,0
KIAS-12/4,KIAS-12UP,213,27,11359,39,02/09/2018,06:44:06,0,0
KIAS-12/4,KIAS-12UP,0,39,0,0,02/09/2018,08:08:24,0,0
KIAS-12/4,KIAS-12DN,0,1,0,0,02/09/2018,08:08:30,0,0
KIAS-12/4,KIAS-12DN,11359,1,9387,33,02/09/2018,08:08:41,281,49.5
KIAS-12/4,KIAS-12DN,11359,1,117,29,02/09/2018,08:08:57,281,46.5
KIAS-12/4,KIAS-12DN,11359,1,117,29,02/09/2018,08:09:44,281,46.5
KIAS-12/4,KIAS-12DN,11359,1,117,29,02/09/2018,08:10:08,281,46.5
KIAS-12/4,KIAS-12DN,11359,1,17,28,02/09/2018,08:10:48,281,44.6
KIAS-12/4,KIAS-12DN,11359,1,17,28,02/09/2018,08:11:10,281,44.6
KIAS-12/4,KIAS-12DN,11359,1,218,15,02/09/2018,08:11:28,197,29.2
KIAS-12/4,KIAS-12DN,11359,1,9387,33,02/09/2018,08:11:43,281,49.5
KIAS-12/4,KIAS-12DN,11359,1,1889,26,02/09/2018,08:11:59,244,40.9
KIAS-12/4,KIAS-12DN,11359,1,117,29,02/09/2018,08:12:39,562,46.5
KIAS-12/4,KIAS-12DN,11359,1,9387,33,02/09/2018,08:12:56,281,49.5
KIAS-12/4,KIAS-12DN,11359,1,349,27,02/09/2018,08:13:46,244,42.6
KIAS-12/4,KIAS-12DN,11359,1,9387,33,02/09/2018,08:14:07,281,49.5
KIAS-12/4,KIAS-12DN,11359,1,9387,33,02/09/2018,08:14:34,0,0
KIAS-12/4,KIAS-12DN,11359,1,9387,33,02/09/2018,08:19:25,0,0
KIAS-12/4,KIAS-12DN,11359,1,65,25,02/09/2018,08:19:35,0,0
KIAS-12/4,KIAS-12DN,11359,1,349,27,02/09/2018,08:20:08,0,0
KIAS-12/4,KIAS-12DN,11359,1,117,29,02/09/2018,08:20:14,281,46.5
KIAS-12/4,KIAS-12DN,0,33,0,0,02/09/2018,10:03:10,0,0
KIAS-12/4,KIAS-12UP,0,1,0,0,02/09/2018,10:03:16,0,0
KIAS-12/4,KIAS-12UP,9387,1,11359,39,02/09/2018,10:15:23,281,49.3
KIAS-12/4,KIAS-12UP,9387,1,11359,39,02/09/2018,10:23:40,281,49.3
KIAS-12/4,KIAS-12UP,9387,1,11359,39,02/09/2018,10:24:07,281,49.3
KIAS-12/4,KIAS-12UP,2937,10,11359,39,02/09/2018,10:48:05,244,42.5
KIAS-12/4,KIAS-12UP,2937,10,11359,39,02/09/2018,10:48:29,488,42.5
KIAS-12/4,KIAS-12UP,2937,10,11359,39,02/09/2018,10:49:01,244,42.5
KIAS-12/4,KIAS-12UP,2937,10,11359,39,02/09/2018,10:49:31,244,42.5
KIAS-12/4,KIAS-12UP,2937,10,11359,39,02/09/2018,10:49:48,244,42.5
KIAS-12/4,KIAS-12UP,57,14,11359,39,02/09/2018,11:00:24,234,38.4
KIAS-12/4,KIAS-12UP,57,14,11359,39,02/09/2018,11:00:56,234,38.4
KIAS-12/4,KIAS-12UP,57,14,199,25,02/09/2018,11:01:19,58,9.7
KIAS-12/4,KIAS-12UP,57,14,11359,39,02/09/2018,11:01:38,467,38.4
KIAS-12/4,KIAS-12UP,0,39,0,0,02/09/2018,11:54:42,0,0
KIAS-12/4,KIAS-12DN,0,1,0,0,02/09/2018,12:11:08,0,0
KIAS-12/4,KIAS-12DN,11359,1,8207,22,02/09/2018,12:11:24,234,37.9
KIAS-12/4,KIAS-12DN,11359,1,9387,33,02/09/2018,12:12:02,281,49.5
KIAS-12/4,KIAS-12DN,11359,1,8207,22,02/09/2018,12:12:49,234,37.9
KIAS-12/4,KIAS-12DN,11359,1,9387,33,02/09/2018,12:13:20,281,49.5
KIAS-12/4,KIAS-12DN,11359,1,117,29,02/09/2018,12:14:04,281,46.5
KIAS-12/4,KIAS-12DN,11359,1,1889,26,02/09/2018,12:14:28,488,40.9
KIAS-12/4,KIAS-12DN,11359,1,117,29,02/09/2018,12:14:42,281,46.5
KIAS-12/4,KIAS-12DN,11359,1,8207,22,02/09/2018,12:15:04,234,37.9
KIAS-12/4,KIAS-12DN,11359,1,117,29,02/09/2018,12:15:15,281,46.5
KIAS-12/4,KIAS-12DN,11359,1,9387,33,02/09/2018,12:16:10,281,49.5
KIAS-12/4,KIAS-12DN,11359,1,9387,33,02/09/2018,12:16:29,281,49.5
KIAS-12/4,KIAS-12DN,11359,1,8207,22,02/09/2018,12:17:12,467,37.9
KIAS-12/4,KIAS-12DN,11359,1,9387,33,02/09/2018,12:18:15,281,49.5
KIAS-12/4,KIAS-12DN,11359,1,8207,22,02/09/2018,12:18:50,467,37.9
KIAS-12/4,KIAS-12DN,11359,1,9387,33,02/09/2018,12:19:02,281,49.5
KIAS-12/4,KIAS-12DN,11359,1,349,27,02/09/2018,12:19:22,244,42.6
KIAS-12/4,KIAS-12DN,11359,1,8207,22,02/09/2018,12:22:16,234,37.9
KIAS-12/4,KIAS-12DN,11359,1,349,27,02/09/2018,12:22:51,244,42.6
KIAS-12/4,KIAS-12DN,11359,1,9387,33,02/09/2018,12:24:01,281,49.5
KIAS-12/4,KIAS-12DN,11359,1,158,19,02/09/2018,12:24:31,234,36.1
KIAS-12/4,KIAS-12DN,11359,1,117,29,02/09/2018,12:25:12,281,46.5
KIAS-12/4,KIAS-12DN,11359,1,9387,33,02/09/2018,12:25:28,281,49.5
KIAS-12/4,KIAS-12DN,11359,1,117,29,02/09/2018,12:25:55,281,46.5
KIAS-12/4,KIAS-12DN,11359,1,9387,33,02/09/2018,12:26:20,281,49.5
KIAS-12/4,KIAS-12DN,11359,1,204,13,02/09/2018,12:26:52,160,25.6
KIAS-12/4,KIAS-12DN,11359,1,117,29,02/09/2018,12:27:07,281,46.5
KIAS-12/4,KIAS-12DN,11359,1,9387,33,02/09/2018,12:27:18,281,49.5
KIAS-12/4,KIAS-12DN,11359,1,9387,33,02/09/2018,12:27:33,281,49.5
KIAS-12/4,KIAS-12DN,11359,1,117,29,02/09/2018,12:28:18,281,46.5
KIAS-12/4,KIAS-12DN,11359,1,65,25,02/09/2018,12:28:51,0,0
KIAS-12/4,KIAS-12DN,214,14,349,27,02/09/2018,12:54:18,158,15.6
KIAS-12/4,KIAS-12DN,349,27,9387,33,02/09/2018,13:37:05,37,6.9
KIAS-12/4,KIAS-12DN,349,27,9387,33,02/09/2018,13:37:58,37,6.9
KIAS-12/4,KIAS-12DN,349,27,9387,33,02/09/2018,13:38:36,37,6.9
KIAS-12/4,KIAS-12DN,0,33,0,0,02/09/2018,14:07:19,0,0
KIAS-7A/2,KIAS-12DN,0,1,0,0,02/09/2018,00:54:12,0,0
KIAS-7A/2,KIAS-12DN,11359,1,9387,33,02/09/2018,00:54:48,281,49.5
KIAS-7A/2,KIAS-12DN,11359,1,9387,33,02/09/2018,00:54:55,281,49.5
KIAS-7A/2,KIAS-12DN,11359,1,9387,33,02/09/2018,00:55:22,281,49.5
KIAS-7A/2,KIAS-12DN,11359,1,9387,33,02/09/2018,00:55:36,281,49.5
KIAS-7A/2,KIAS-12DN,11359,1,9387,33,02/09/2018,00:55:43,281,49.5
KIAS-7A/2,KIAS-12DN,11359,1,9387,33,02/09/2018,00:55:52,281,49.5
KIAS-7A/2,KIAS-12DN,11359,1,349,27,02/09/2018,00:56:00,244,42.6
KIAS-7A/2,KIAS-12DN,11359,1,9387,33,02/09/2018,00:56:19,281,49.5
KIAS-7A/2,KIAS-12DN,11359,1,9387,33,02/09/2018,00:57:28,281,49.5
KIAS-7A/2,KIAS-12DN,11359,1,9387,33,02/09/2018,00:57:40,281,49.5
KIAS-7A/2,KIAS-12DN,11359,1,9387,33,02/09/2018,00:57:51,281,49.5
KIAS-7A/2,KIAS-12DN,11359,1,9387,33,02/09/2018,00:58:06,281,49.5
KIAS-7A/2,KIAS-12DN,11359,1,349,27,02/09/2018,00:58:42,488,42.6
KIAS-7A/2,KIAS-12DN,11359,1,9387,33,02/09/2018,00:58:56,281,49.5
KIAS-7A/2,KIAS-12DN,11359,1,9387,33,02/09/2018,00:59:04,281,49.5
KIAS-7A/2,KIAS-12DN,11359,1,349,27,02/09/2018,00:59:23,244,42.6
KIAS-7A/2,KIAS-12DN,11359,1,9387,33,02/09/2018,00:59:55,281,49.5
KIAS-7A/2,KIAS-12DN,11359,1,158,19,02/09/2018,01:00:05,467,36.1
KIAS-7A/2,KIAS-12DN,11359,1,9387,33,02/09/2018,01:00:27,281,49.5
KIAS-7A/2,KIAS-12DN,11359,1,349,27,02/09/2018,01:00:36,244,42.6
KIAS-7A/2,KIAS-12DN,11359,1,9387,33,02/09/2018,01:00:48,281,49.5
KIAS-7A/2,KIAS-12DN,11359,1,9387,33,02/09/2018,01:01:01,281,49.5
KIAS-7A/2,KIAS-12DN,11359,1,9387,33,02/09/2018,01:01:33,562,49.5
KIAS-7A/2,KIAS-12DN,11359,1,9387,33,02/09/2018,01:01:42,281,49.5
KIAS-7A/2,KIAS-12DN,11359,1,9387,33,02/09/2018,01:02:03,281,49.5
KIAS-7A/2,KIAS-12DN,11359,1,158,19,02/09/2018,01:02:22,234,36.1
KIAS-7A/2,KIAS-12DN,11359,1,9387,33,02/09/2018,01:02:30,562,49.5
KIAS-7A/2,KIAS-12DN,11359,1,9387,33,02/09/2018,01:03:17,281,49.5
KIAS-7A/2,KIAS-12DN,11359,1,9387,33,02/09/2018,01:03:45,281,49.5
KIAS-7A/2,KIAS-12DN,11359,1,117,29,02/09/2018,01:04:16,562,46.5
KIAS-7A/2,KIAS-12DN,11359,1,9387,33,02/09/2018,01:06:38,281,49.5
KIAS-7A/2,KIAS-12DN,11359,1,9387,33,02/09/2018,01:07:13,281,49.5
KIAS-7A/2,KIAS-12DN,11359,1,9387,33,02/09/2018,01:08:02,281,49.5
KIAS-7A/2,KIAS-12DN,11359,1,349,27,02/09/2018,01:08:32,244,42.6
KIAS-7A/2,KIAS-12DN,0,33,0,0,02/09/2018,09:42:07,0,0
KIAS-12/5,KIAS-12UP,0,1,0,0,02/09/2018,13:09:28,0,0
KIAS-12/5,KIAS-12UP,9387,1,11359,39,02/09/2018,13:52:19,281,49.3
KIAS-12/5,KIAS-12UP,9387,1,11359,39,02/09/2018,13:52:34,281,49.3
KIAS-12/5,KIAS-12UP,9387,1,11359,39,02/09/2018,13:53:29,281,49.3
KIAS-12/5,KIAS-12UP,2937,10,11359,39,02/09/2018,14:18:47,244,42.5
KIAS-12/5,KIAS-12UP,2937,10,11359,39,02/09/2018,14:19:18,244,42.5
KIAS-12/5,KIAS-12UP,2937,10,11359,39,02/09/2018,14:19:33,244,42.5
KIAS-12/5,KIAS-12UP,2937,10,11359,39,02/09/2018,14:19:54,244,42.5
KIAS-12/5,KIAS-12UP,2937,10,11359,39,02/09/2018,14:20:03,488,42.5
KIAS-12/5,KIAS-12UP,2937,10,11359,39,02/09/2018,14:21:48,244,42.5
KIAS-12/5,KIAS-12UP,2937,10,213,27,02/09/2018,14:23:00,158,17.5
KIAS-12/5,KIAS-12UP,57,14,11359,39,02/09/2018,14:34:16,234,38.4
KIAS-12/5,KIAS-12UP,57,14,4973,26,02/09/2018,14:34:31,69,12.2
KIAS-12/5,KIAS-12UP,57,14,11359,39,02/09/2018,14:34:47,467,38.4
KIAS-12/5,KIAS-12UP,57,14,11359,39,02/09/2018,14:35:36,467,38.4
KIAS-12/5,KIAS-12UP,57,14,11359,39,02/09/2018,14:35:55,234,38.4
KIAS-12/5,KIAS-12UP,57,14,199,25,02/09/2018,14:36:46,58,9.7
KIAS-12/5,KIAS-12UP,57,14,11359,39,02/09/2018,14:37:12,234,38.4
KIAS-12/5,KIAS-12UP,57,14,11359,39,02/09/2018,14:37:46,234,38.4
KIAS-12/5,KIAS-12UP,57,14,11359,39,02/09/2018,14:38:05,234,38.4
KIAS-12/5,KIAS-12UP,4973,26,11359,39,02/09/2018,15:02:38,171,26.2
KIAS-12/5,KIAS-12UP,213,27,11359,39,02/09/2018,15:05:10,160,24.9
KIAS-12/5,KIAS-12UP,213,27,11359,39,02/09/2018,15:05:40,320,24.9
KIAS-12/5,KIAS-12UP,0,39,0,0,02/09/2018,15:31:06,0,0
KIAS-12/5,KIAS-12DN,0,1,0,0,02/09/2018,15:31:06,0,0
KIAS-12/5,KIAS-12DN,11359,1,65,25,02/09/2018,15:49:58,234,38.4
KIAS-12/5,KIAS-12DN,11359,1,349,27,02/09/2018,15:50:37,488,42.6
KIAS-12/5,KIAS-12DN,11359,1,117,29,02/09/2018,15:52:59,281,46.5
KIAS-12/5,KIAS-12DN,11359,1,117,29,02/09/2018,15:53:07,281,46.5
KIAS-12/5,KIAS-12DN,11359,1,117,29,02/09/2018,15:53:28,281,46.5
KIAS-12/5,KIAS-12DN,11359,1,117,29,02/09/2018,15:53:51,281,46.5
KIAS-12/5,KIAS-12DN,11359,1,158,19,02/09/2018,15:54:32,234,36.1
KIAS-12/5,KIAS-12DN,11359,1,9387,33,02/09/2018,15:55:06,281,49.5
KIAS-12/5,KIAS-12DN,11359,1,117,29,02/09/2018,15:55:16,281,46.5
KIAS-12/5,KIAS-12DN,11359,1,117,29,02/09/2018,15:55:26,281,46.5
KIAS-12/5,KIAS-12DN,11359,1,117,29,02/09/2018,15:56:16,281,46.5
KIAS-12/5,KIAS-12DN,11359,1,9387,33,02/09/2018,15:56:33,281,49.5
KIAS-12/5,KIAS-12DN,11359,1,65,25,02/09/2018,15:56:53,234,38.4
KIAS-12/5,KIAS-12DN,11359,1,17,28,02/09/2018,15:57:08,562,44.6
KIAS-12/5,KIAS-12DN,11359,1,117,29,02/09/2018,15:57:17,281,46.5
KIAS-12/5,KIAS-12DN,11359,1,349,27,02/09/2018,15:58:26,244,42.6
KIAS-12/5,KIAS-12DN,11359,1,17,28,02/09/2018,15:59:12,562,44.6
KIAS-12/5,KIAS-12DN,11359,1,117,29,02/09/2018,15:59:23,281,46.5
KIAS-12/5,KIAS-12DN,11359,1,17,28,02/09/2018,16:00:23,281,44.6
KIAS-12/5,KIAS-12DN,11359,1,65,25,02/09/2018,16:00:33,234,38.4
KIAS-12/5,KIAS-12DN,11359,1,117,29,02/09/2018,16:01:04,281,46.5
KIAS-12/5,KIAS-12DN,11359,1,214,14,02/09/2018,16:01:21,171,27
KIAS-12/5,KIAS-12DN,11359,1,117,29,02/09/2018,16:02:01,281,46.5
KIAS-12/5,KIAS-12DN,11359,1,9387,33,02/09/2018,16:02:09,281,49.5
KIAS-12/5,KIAS-12DN,11359,1,2254,16,02/09/2018,16:02:17,234,31.4
KIAS-12/5,KIAS-12DN,11359,1,349,27,02/09/2018,16:02:24,244,42.6
KIAS-12/5,KIAS-12DN,11359,1,218,15,02/09/2018,16:03:05,394,29.2
KIAS-12/5,KIAS-12DN,11359,1,9387,33,02/09/2018,16:03:22,562,49.5
KIAS-12/5,KIAS-12DN,11359,1,65,25,02/09/2018,16:03:56,234,38.4
KIAS-12/5,KIAS-12DN,11359,1,349,27,02/09/2018,16:06:18,244,42.6
KIAS-12/5,KIAS-12DN,11359,1,65,25,02/09/2018,16:07:53,234,38.4
KIAS-12/5,KIAS-12DN,214,14,65,25,02/09/2018,16:36:56,69,11.4
KIAS-12/5,KIAS-12DN,0,33,0,0,02/09/2018,17:44:52,0,0
KIAS-12/5,KIAS-12UP,0,1,0,0,02/09/2018,17:44:52,0,0
KIAS-12/5,KIAS-12UP,9387,1,11359,39,02/09/2018,18:12:38,281,49.3
KIAS-12/5,KIAS-12UP,9387,1,11359,39,02/09/2018,18:13:58,281,49.3
KIAS-12/5,KIAS-12UP,9387,1,11359,39,02/09/2018,18:19:07,281,49.3
KIAS-12/5,KIAS-12UP,718,6,11359,39,02/09/2018,18:30:33,281,46.5
KIAS-12/5,KIAS-12UP,718,6,11359,39,02/09/2018,18:31:27,562,46.5
KIAS-12/5,KIAS-12UP,718,6,11359,39,02/09/2018,18:35:33,281,46.5
KIAS-12/5,KIAS-12UP,57,14,4973,26,02/09/2018,19:16:38,69,12.2
KIAS-12/5,KIAS-12UP,57,14,11359,39,02/09/2018,19:17:24,234,38.4
KIAS-12/5,KIAS-12UP,4973,26,11359,39,02/09/2018,19:50:11,341,26.2
KIAS-12/5,KIAS-12UP,0,39,0,0,02/09/2018,20:53:30,0,0
KIAS-12/5,KIAS-12DN,0,1,0,0,02/09/2018,20:53:30,0,0
KIAS-12/5,KIAS-12DN,11359,1,65,25,02/09/2018,20:53:37,467,38.4
KIAS-12/5,KIAS-12DN,11359,1,9387,33,02/09/2018,20:53:54,281,49.5
KIAS-12/5,KIAS-12DN,11359,1,9387,33,02/09/2018,20:54:02,281,49.5
KIAS-12/5,KIAS-12DN,11359,1,9387,33,02/09/2018,20:54:12,281,49.5
KIAS-12/5,KIAS-12DN,11359,1,117,29,02/09/2018,20:54:40,281,46.5
KIAS-12/5,KIAS-12DN,11359,1,117,29,02/09/2018,20:55:01,281,46.5
KIAS-12/5,KIAS-12DN,11359,1,9387,33,02/09/2018,20:55:08,281,49.5
KIAS-12/5,KIAS-12DN,11359,1,65,25,02/09/2018,20:55:38,234,38.4
KIAS-12/5,KIAS-12DN,11359,1,9387,33,02/09/2018,20:56:26,281,49.5
KIAS-12/5,KIAS-12DN,11359,1,9387,33,02/09/2018,20:56:53,281,49.5
KIAS-12/5,KIAS-12DN,11359,1,9387,33,02/09/2018,20:57:20,281,49.5
KIAS-12/5,KIAS-12DN,11359,1,9387,33,02/09/2018,20:57:32,281,49.5
KIAS-12/5,KIAS-12DN,11359,1,117,29,02/09/2018,20:58:05,281,46.5
KIAS-12/5,KIAS-12DN,11359,1,9387,33,02/09/2018,20:58:30,281,49.5
KIAS-12/5,KIAS-12DN,11359,1,9387,33,02/09/2018,20:58:44,281,49.5
KIAS-12/5,KIAS-12DN,11359,1,9387,33,02/09/2018,20:58:56,281,49.5
KIAS-12/5,KIAS-12DN,11359,1,9387,33,02/09/2018,20:59:05,562,49.5
KIAS-12/5,KIAS-12DN,11359,1,9387,33,02/09/2018,20:59:37,281,49.5
KIAS-12/5,KIAS-12DN,11359,1,349,27,02/09/2018,21:00:20,488,42.6
KIAS-12/5,KIAS-12DN,11359,1,65,25,02/09/2018,21:00:32,234,38.4
KIAS-12/5,KIAS-12DN,11359,1,9387,33,02/09/2018,21:00:46,281,49.5
KIAS-12/5,KIAS-12DN,11359,1,9387,33,02/09/2018,21:01:15,281,49.5
KIAS-12/5,KIAS-12DN,11359,1,117,29,02/09/2018,21:04:29,281,46.5
KIAS-12/5,KIAS-12DN,11359,1,9387,33,02/09/2018,21:06:21,562,49.5
KIAS-12/5,KIAS-12DN,11359,1,9387,33,02/09/2018,21:06:30,281,49.5
KIAS-12/5,KIAS-12DN,11359,1,9387,33,02/09/2018,21:06:37,281,49.5
KIAS-12/5,KIAS-12DN,11359,1,158,19,02/09/2018,21:07:03,234,36.1
KIAS-12/5,KIAS-12DN,11359,1,9387,33,02/09/2018,21:08:04,281,49.5
KIAS-12/5,KIAS-12DN,11359,1,9387,33,02/09/2018,21:08:31,281,49.5
KIAS-12/5,KIAS-12DN,11359,1,117,29,02/09/2018,21:09:04,281,46.5
KIAS-12/5,KIAS-12DN,11359,1,9387,33,02/09/2018,21:10:07,281,49.5
KIAS-12/5,KIAS-12DN,349,27,17,28,02/09/2018,22:18:04,16,2.1
KIAS-12/5,KIAS-12DN,349,27,117,29,02/09/2018,22:18:10,21,3.9
KIAS-12/5,KIAS-12DN,0,33,0,0,02/09/2018,22:41:00,0,0
KIAS-12/5,KIAS-12UP,0,1,0,0,02/09/2018,22:41:05,0,0
KIAS-12/5,KIAS-12UP,2937,10,11359,39,03/09/2018,02:18:42,244,42.5
KIAS-12/5,KIAS-12UP,57,14,11359,39,03/09/2018,02:26:49,234,38.4
KIAS-12/5,KIAS-12UP,57,14,11359,39,03/09/2018,02:27:02,234,38.4
KIAS-12/5,KIAS-12UP,4973,26,11359,39,03/09/2018,02:42:02,171,26.2
KIAS-12/5,KIAS-12UP,0,39,0,0,03/09/2018,03:07:15,0,0
KIAS-12/5,KIAS-12DN,0,1,0,0,03/09/2018,03:07:15,0,0
KIAS-12/5,KIAS-12DN,0,1,0,0,03/09/2018,03:07:20,0,0
KIAS-12/5,KIAS-12DN,11359,1,218,15,03/09/2018,03:25:54,197,29.2
KIAS-12/5,KIAS-12DN,11359,1,117,29,03/09/2018,03:26:22,281,46.5
KIAS-12/5,KIAS-12DN,11359,1,117,29,03/09/2018,03:26:35,281,46.5
KIAS-12/5,KIAS-12DN,11359,1,17,28,03/09/2018,03:27:07,562,44.6
KIAS-12/5,KIAS-12DN,11359,1,65,25,03/09/2018,03:27:16,234,38.4
KIAS-12/5,KIAS-12DN,11359,1,65,25,03/09/2018,03:27:48,467,38.4
KIAS-12/5,KIAS-12DN,11359,1,218,15,03/09/2018,03:28:26,197,29.2
KIAS-12/5,KIAS-12DN,11359,1,9387,33,03/09/2018,03:28:40,562,49.5
KIAS-12/5,KIAS-12DN,11359,1,9387,33,03/09/2018,03:29:00,281,49.5
KIAS-12/5,KIAS-12DN,11359,1,65,25,03/09/2018,03:29:41,234,38.4
KIAS-12/5,KIAS-12DN,11359,1,218,15,03/09/2018,03:35:36,394,29.2
KIAS-12/5,KIAS-12DN,11359,1,65,25,03/09/2018,03:36:27,234,38.4
KIAS-12/5,KIAS-12DN,11359,1,214,14,03/09/2018,03:39:03,171,27
KIAS-12/5,KIAS-12DN,11359,1,214,14,03/09/2018,03:39:08,171,27
KIAS-12/5,KIAS-12DN,11359,1,9387,33,03/09/2018,03:39:58,281,49.5
KIAS-12/5,KIAS-12DN,0,33,0,0,03/09/2018,04:42:02,0,0
KIAS-12/5,KIAS-12UP,0,1,0,0,03/09/2018,04:42:02,0,0
KIAS-12/5,KIAS-12UP,9387,1,2937,10,03/09/2018,06:24:31,37,6.9
KIAS-12/5,KIAS-12UP,9387,1,11359,39,03/09/2018,06:24:40,281,49.3
KIAS-12/5,KIAS-12UP,2937,10,14574,23,03/09/2018,06:37:59,58,10
KIAS-12/5,KIAS-12UP,57,14,11359,39,03/09/2018,06:53:10,467,38.4
KIAS-12/5,KIAS-12UP,57,14,11359,39,03/09/2018,06:54:01,234,38.4
KIAS-12/5,KIAS-12UP,57,14,11359,39,03/09/2018,06:55:21,234,38.4
KIAS-12/5,KIAS-12UP,57,14,4973,26,03/09/2018,06:55:51,69,12.2
KIAS-12/5,KIAS-12UP,4973,26,11359,39,03/09/2018,07:14:12,171,26.2
KIAS-12/5,KIAS-12UP,213,27,11359,39,03/09/2018,07:16:59,160,24.9
KIAS-12/5,KIAS-12UP,0,39,0,0,03/09/2018,07:43:46,0,0
KIAS-12/5,KIAS-12DN,0,1,0,0,03/09/2018,07:43:46,0,0
KIAS-12/5,KIAS-12DN,0,1,0,0,03/09/2018,07:43:51,0,0
KIAS-12/5,KIAS-12DN,11359,1,9387,33,03/09/2018,08:38:15,281,49.5
KIAS-12/5,KIAS-12DN,11359,1,349,27,03/09/2018,08:38:33,244,42.6
KIAS-12/5,KIAS-12DN,11359,1,204,13,03/09/2018,08:39:41,160,25.6
KIAS-12/5,KIAS-12DN,11359,1,9387,33,03/09/2018,08:39:55,281,49.5
KIAS-12/5,KIAS-12DN,11359,1,9387,33,03/09/2018,08:40:26,281,49.5
KIAS-12/5,KIAS-12DN,11359,1,124,18,03/09/2018,08:40:43,234,34.4
KIAS-12/5,KIAS-12DN,11359,1,349,27,03/09/2018,08:41:10,244,42.6
KIAS-12/5,KIAS-12DN,11359,1,9387,33,03/09/2018,08:41:36,281,49.5
KIAS-12/5,KIAS-12DN,11359,1,117,29,03/09/2018,08:47:20,281,46.5
KIAS-12/5,KIAS-12DN,11359,1,9387,33,03/09/2018,08:48:01,281,49.5
KIAS-12/5,KIAS-12DN,11359,1,218,15,03/09/2018,08:48:23,197,29.2
KIAS-12/5,KIAS-12DN,11359,1,9387,33,03/09/2018,08:49:13,281,49.5
KIAS-12/5,KIAS-12DN,214,14,17,28,03/09/2018,09:31:04,79,17.7
KIAS-12/5,KIAS-12DN,214,14,117,29,03/09/2018,09:31:36,79,19.5
KIAS-12/5,KIAS-12DN,158,19,349,27,03/09/2018,10:11:52,37,6.5
KIAS-12/5,KIAS-12DN,0,33,0,0,03/09/2018,10:56:07,0,0
KIAS-12/2,KIAS-12UP,0,1,0,0,02/09/2018,04:00:28,0,0
KIAS-12/2,KIAS-12UP,9387,1,11359,39,02/09/2018,04:16:43,281,49.3
KIAS-12/2,KIAS-12UP,9387,1,11359,39,02/09/2018,04:32:20,281,49.3
KIAS-12/2,KIAS-12UP,9387,1,199,25,02/09/2018,04:32:35,79,20.6
KIAS-12/2,KIAS-12UP,2937,10,11359,39,02/09/2018,04:56:31,244,42.5
KIAS-12/2,KIAS-12UP,2937,10,213,27,02/09/2018,04:57:06,79,17.5
KIAS-12/2,KIAS-12UP,2937,10,11359,39,02/09/2018,04:57:12,244,42.5
KIAS-12/2,KIAS-12UP,57,14,11359,39,02/09/2018,05:13:30,234,38.4
KIAS-12/2,KIAS-12UP,57,14,11359,39,02/09/2018,05:14:04,234,38.4
KIAS-12/2,KIAS-12UP,57,14,199,25,02/09/2018,05:17:12,58,9.7
KIAS-12/2,KIAS-12UP,199,25,11359,39,02/09/2018,05:39:27,197,28.7
KIAS-12/2,KIAS-12UP,0,39,0,0,02/09/2018,06:34:12,0,0
KIAS-12/2,KIAS-12DN,0,1,0,0,02/09/2018,06:34:13,0,0
KIAS-12/2,KIAS-12DN,11359,1,9387,33,02/09/2018,06:34:27,281,49.5
KIAS-12/2,KIAS-12DN,11359,1,9387,33,02/09/2018,06:34:38,281,49.5
KIAS-12/2,KIAS-12DN,11359,1,9387,33,02/09/2018,06:34:51,281,49.5
KIAS-12/2,KIAS-12DN,11359,1,9387,33,02/09/2018,06:35:46,562,49.5
KIAS-12/2,KIAS-12DN,11359,1,9387,33,02/09/2018,06:36:07,281,49.5
KIAS-12/2,KIAS-12DN,11359,1,9387,33,02/09/2018,06:36:20,281,49.5
KIAS-12/2,KIAS-12DN,11359,1,9387,33,02/09/2018,06:36:32,281,49.5
KIAS-12/2,KIAS-12DN,11359,1,9387,33,02/09/2018,06:36:59,281,49.5
KIAS-12/2,KIAS-12DN,11359,1,158,19,02/09/2018,06:37:33,234,36.1
KIAS-12/2,KIAS-12DN,11359,1,117,29,02/09/2018,06:38:09,281,46.5
KIAS-12/2,KIAS-12DN,11359,1,9387,33,02/09/2018,06:38:55,281,49.5
KIAS-12/2,KIAS-12DN,11359,1,158,19,02/09/2018,06:39:39,234,36.1
KIAS-12/2,KIAS-12DN,11359,1,117,29,02/09/2018,06:41:17,281,46.5
KIAS-12/2,KIAS-12DN,11359,1,9387,33,02/09/2018,06:44:59,281,49.5
KIAS-12/2,KIAS-12DN,11359,1,349,27,02/09/2018,06:45:35,244,42.6
KIAS-12/2,KIAS-12DN,11359,1,9387,33,02/09/2018,06:46:16,281,49.5
KIAS-12/2,KIAS-12DN,11359,1,2254,16,02/09/2018,06:52:52,234,31.4
KIAS-12/2,KIAS-12DN,11359,1,9387,33,02/09/2018,06:53:05,281,49.5
KIAS-12/2,KIAS-12DN,11359,1,214,14,02/09/2018,06:53:11,171,27
KIAS-12/2,KIAS-12DN,11359,1,9387,33,02/09/2018,06:53:56,281,49.5
KIAS-12/2,KIAS-12DN,11359,1,9387,33,02/09/2018,06:54:52,0,0
KIAS-12/2,KIAS-12DN,0,29,0,0,02/09/2018,08:55:05,0,0
KIAS-12/2,KIAS-12UP,0,1,0,0,02/09/2018,08:55:06,0,0
KIAS-12/2,KIAS-12UP,9387,1,11359,39,02/09/2018,08:55:23,281,49.3
KIAS-12/2,KIAS-12UP,9387,1,11359,39,02/09/2018,08:56:08,281,49.3
KIAS-12/2,KIAS-12UP,2937,10,199,25,02/09/2018,09:23:55,69,13.7
KIAS-12/2,KIAS-12UP,2937,10,11359,39,02/09/2018,09:31:32,0,0
KIAS-12/2,KIAS-12UP,57,14,11359,39,02/09/2018,09:39:54,234,38.4
KIAS-12/2,KIAS-12UP,4973,26,213,27,02/09/2018,10:03:52,16,1.3
KIAS-12/2,KIAS-12UP,0,38,0,0,02/09/2018,11:21:32,0,0
KIAS-12/2,KIAS-12DN,0,1,0,0,02/09/2018,11:21:34,0,0
KIAS-12/2,KIAS-12DN,11359,1,9387,33,02/09/2018,11:21:40,281,49.5
KIAS-12/2,KIAS-12DN,11359,1,9387,33,02/09/2018,11:22:08,281,49.5
KIAS-12/2,KIAS-12DN,11359,1,9387,33,02/09/2018,11:22:33,281,49.5
KIAS-12/2,KIAS-12DN,11359,1,9387,33,02/09/2018,11:23:26,562,49.5
KIAS-12/2,KIAS-12DN,11359,1,9387,33,02/09/2018,11:23:56,281,49.5
KIAS-12/2,KIAS-12DN,11359,1,9387,33,02/09/2018,11:24:38,281,49.5
KIAS-12/2,KIAS-12DN,11359,1,9387,33,02/09/2018,11:25:33,281,49.5
KIAS-12/2,KIAS-12DN,11359,1,9387,33,02/09/2018,11:26:10,281,49.5
KIAS-12/2,KIAS-12DN,11359,1,9387,33,02/09/2018,11:26:34,281,49.5
KIAS-12/2,KIAS-12DN,11359,1,9387,33,02/09/2018,11:27:33,9,49.5
KIAS-12/2,KIAS-12DN,11359,1,9387,33,02/09/2018,11:28:38,281,49.5
KIAS-12/2,KIAS-12DN,11359,1,9387,33,02/09/2018,11:29:13,562,49.5
KIAS-12/2,KIAS-12DN,11359,1,17,28,02/09/2018,11:29:40,281,44.6
KIAS-12/2,KIAS-12DN,11359,1,117,29,02/09/2018,11:30:18,281,46.5
KIAS-12/2,KIAS-12DN,11359,1,117,29,02/09/2018,11:31:16,281,46.5
KIAS-12/2,KIAS-12DN,11359,1,9387,33,02/09/2018,11:36:27,281,49.5
KIAS-12/2,KIAS-12DN,11359,1,204,13,02/09/2018,11:36:34,160,25.6
KIAS-12/2,KIAS-12DN,11359,1,1642,3,02/09/2018,11:36:59,118,8.5
KIAS-12/2,KIAS-12DN,11359,1,9387,33,02/09/2018,11:37:32,281,49.5
KIAS-12/2,KIAS-12DN,11359,1,65,25,02/09/2018,11:37:43,234,38.4
KIAS-12/2,KIAS-12DN,11359,1,9387,33,02/09/2018,11:38:05,281,49.5
KIAS-12/2,KIAS-12DN,11359,1,9387,33,02/09/2018,11:38:55,281,49.5
KIAS-12/2,KIAS-12DN,11359,1,9387,33,02/09/2018,11:39:03,281,49.5
KIAS-12/2,KIAS-12DN,11359,1,117,29,02/09/2018,11:39:27,281,46.5
KIAS-12/2,KIAS-12DN,11359,1,9387,33,02/09/2018,11:40:15,562,49.5
KIAS-12/2,KIAS-12DN,11359,1,9387,33,02/09/2018,11:41:08,281,49.5
KIAS-12/2,KIAS-12DN,0,29,0,0,02/09/2018,12:44:46,0,0
KIAS-12/2,KIAS-12UP,0,1,0,0,02/09/2018,12:44:54,0,0
KIAS-12/2,KIAS-12UP,9387,1,11359,39,02/09/2018,13:01:05,281,49.3
KIAS-12/2,KIAS-12UP,9387,1,11359,39,02/09/2018,13:01:30,562,49.3
KIAS-12/2,KIAS-12UP,722,7,11359,39,02/09/2018,13:07:41,281,44.7
KIAS-12/2,KIAS-12UP,57,14,11359,39,02/09/2018,13:22:41,234,38.4
KIAS-12/2,KIAS-12UP,0,39,0,0,02/09/2018,17:07:27,0,0
KIAS-12/2,KIAS-12DN,0,1,0,0,02/09/2018,17:07:29,0,0
KIAS-12/2,KIAS-12DN,11359,1,9387,33,02/09/2018,17:07:37,281,49.5
KIAS-12/2,KIAS-12DN,11359,1,117,29,02/09/2018,17:08:31,281,46.5
KIAS-12/2,KIAS-12DN,11359,1,9387,33,02/09/2018,17:09:09,281,49.5
KIAS-12/2,KIAS-12DN,11359,1,9387,33,02/09/2018,17:09:31,281,49.5
KIAS-12/2,KIAS-12DN,11359,1,9387,33,02/09/2018,17:10:59,281,49.5
KIAS-12/2,KIAS-12DN,11359,1,117,29,02/09/2018,17:13:25,281,46.5
KIAS-12/2,KIAS-12DN,11359,1,214,14,02/09/2018,17:18:27,171,27
KIAS-12/2,KIAS-12DN,204,13,65,25,02/09/2018,17:45:51,69,12.8
KIAS-12/2,KIAS-12DN,0,33,0,0,02/09/2018,19:16:27,0,0
KIAS-12/2,KIAS-12UP,0,1,0,0,02/09/2018,19:16:28,0,0
KIAS-12/2,KIAS-12UP,9387,1,11359,39,02/09/2018,19:19:20,281,49.3
KIAS-12/2,KIAS-12UP,9387,1,11359,39,02/09/2018,19:19:34,0,0
KIAS-12/2,KIAS-12UP,9387,1,11359,39,02/09/2018,19:19:44,281,49.3
KIAS-12/2,KIAS-12UP,9387,1,11359,39,02/09/2018,19:19:59,281,49.3
KIAS-12/2,KIAS-12UP,9387,1,11359,39,02/09/2018,19:20:36,281,49.3
KIAS-12/2,KIAS-12UP,9387,1,11359,39,02/09/2018,19:24:36,281,49.3
KIAS-12/2,KIAS-12UP,2937,10,11359,39,02/09/2018,19:41:42,244,42.5
KIAS-12/2,KIAS-12UP,2937,10,199,25,02/09/2018,19:41:52,69,13.7
KIAS-12/2,KIAS-12UP,2937,10,213,27,02/09/2018,19:42:49,79,17.5
KIAS-12/2,KIAS-12UP,2937,10,11359,39,02/09/2018,19:45:50,0,0
KIAS-12/2,KIAS-12UP,2961,13,4973,26,02/09/2018,19:46:16,69,14.5
KIAS-12/2,KIAS-12UP,57,14,199,25,02/09/2018,19:54:36,58,9.7
KIAS-12/2,KIAS-12UP,57,14,11359,39,02/09/2018,19:54:52,234,38.4
KIAS-12/2,KIAS-12UP,57,14,11359,39,02/09/2018,19:55:24,234,38.4
KIAS-12/2,KIAS-12UP,57,14,11359,39,02/09/2018,19:55:32,234,38.4
KIAS-12/2,KIAS-12UP,57,14,199,25,02/09/2018,19:55:53,58,9.7
KIAS-12/2,KIAS-12UP,57,14,11359,39,02/09/2018,19:56:15,0,0
KIAS-12/2,KIAS-12UP,57,14,11359,39,02/09/2018,19:56:26,234,38.4
KIAS-12/2,KIAS-12UP,1559,37,11359,39,02/09/2018,20:42:20,118,7.7
KIAS-12/2,KIAS-12UP,0,39,0,0,02/09/2018,21:37:54,0,0
KIAS-12/2,KIAS-12DN,0,1,0,0,02/09/2018,21:37:55,0,0
KIAS-12/2,KIAS-12DN,11359,1,65,25,02/09/2018,21:38:04,467,38.4
KIAS-12/2,KIAS-12DN,11359,1,218,15,02/09/2018,21:38:27,197,29.2
KIAS-12/2,KIAS-12DN,11359,1,349,27,02/09/2018,21:38:38,244,42.6
KIAS-12/2,KIAS-12DN,11359,1,1642,3,02/09/2018,21:39:43,118,8.5
KIAS-12/2,KIAS-12DN,11359,1,9387,33,02/09/2018,21:39:51,281,49.5
KIAS-12/2,KIAS-12DN,11359,1,9387,33,02/09/2018,21:40:13,281,49.5
KIAS-12/2,KIAS-12DN,11359,1,9387,33,02/09/2018,21:40:53,562,49.5
KIAS-12/2,KIAS-12DN,11359,1,204,13,02/09/2018,21:41:03,160,25.6
KIAS-12/2,KIAS-12DN,11359,1,158,19,02/09/2018,21:41:46,234,36.1
KIAS-12/2,KIAS-12DN,11359,1,2254,16,02/09/2018,21:42:30,234,31.4
KIAS-12/2,KIAS-12DN,11359,1,117,29,02/09/2018,21:43:27,281,46.5
KIAS-12/2,KIAS-12DN,11359,1,204,13,02/09/2018,21:43:48,160,25.6
KIAS-12/2,KIAS-12DN,11359,1,1889,26,02/09/2018,21:44:39,244,40.9
KIAS-12/2,KIAS-12DN,11359,1,214,14,02/09/2018,21:44:46,171,27
KIAS-12/2,KIAS-12DN,11359,1,9387,33,02/09/2018,21:44:59,281,49.5
KIAS-12/2,KIAS-12DN,11359,1,349,27,02/09/2018,21:45:20,244,42.6
KIAS-12/2,KIAS-12DN,11359,1,1889,26,02/09/2018,21:45:51,244,40.9
KIAS-12/2,KIAS-12DN,11359,1,214,14,02/09/2018,21:47:39,171,27
KIAS-12/2,KIAS-12DN,11359,1,65,25,02/09/2018,21:48:21,234,38.4
KIAS-12/2,KIAS-12DN,11359,1,124,18,02/09/2018,21:48:36,234,34.4
KIAS-12/2,KIAS-12DN,204,13,2254,16,02/09/2018,22:16:54,37,5.8
KIAS-12/2,KIAS-12DN,204,13,65,25,02/09/2018,22:17:36,69,12.8
KIAS-12/2,KIAS-12DN,204,13,349,27,02/09/2018,22:17:46,79,17
KIAS-12/2,KIAS-12DN,214,14,65,25,02/09/2018,22:24:13,69,11.4
KIAS-12/2,KIAS-12DN,218,15,349,27,02/09/2018,22:28:26,69,13.3
KIAS-12/2,KIAS-12DN,0,33,0,0,02/09/2018,23:52:00,0,0
KIAS-12/6,KIAS-12UP,0,1,0,0,02/09/2018,12:26:10,0,0
KIAS-12/6,KIAS-12UP,9387,1,4973,26,02/09/2018,12:42:35,90,23.1
KIAS-12/6,KIAS-12UP,9387,1,11359,39,02/09/2018,12:55:43,281,49.3
KIAS-12/6,KIAS-12UP,9387,1,11359,39,02/09/2018,12:56:14,281,49.3
KIAS-12/6,KIAS-12UP,718,6,11359,39,02/09/2018,13:02:16,0,0
KIAS-12/6,KIAS-12UP,2937,10,11359,39,02/09/2018,13:15:49,244,42.5
KIAS-12/6,KIAS-12UP,2937,10,11359,39,02/09/2018,13:16:13,244,42.5
KIAS-12/6,KIAS-12UP,2937,10,8379,21,02/09/2018,13:16:44,37,6.9
KIAS-12/6,KIAS-12UP,2937,10,11359,39,02/09/2018,13:17:13,244,42.5
KIAS-12/6,KIAS-12UP,195,22,11359,39,02/09/2018,13:45:04,0,0
KIAS-12/6,KIAS-12UP,199,25,11359,39,02/09/2018,13:58:49,0,0
KIAS-12/6,KIAS-12UP,0,39,0,0,02/09/2018,14:24:39,0,0
KIAS-12/6,KIAS-12DN,0,1,0,0,02/09/2018,14:24:47,0,0
KIAS-12/6,KIAS-12DN,11359,1,9387,33,02/09/2018,14:43:46,281,49.5
KIAS-12/6,KIAS-12DN,11359,1,117,29,02/09/2018,14:44:42,281,46.5
KIAS-12/6,KIAS-12DN,11359,1,117,29,02/09/2018,14:45:01,281,46.5
KIAS-12/6,KIAS-12DN,11359,1,117,29,02/09/2018,14:45:53,281,46.5
KIAS-12/6,KIAS-12DN,11359,1,9387,33,02/09/2018,14:46:29,281,49.5
KIAS-12/6,KIAS-12DN,11359,1,9387,33,02/09/2018,14:46:46,281,49.5
KIAS-12/6,KIAS-12DN,11359,1,117,29,02/09/2018,14:47:08,281,46.5
KIAS-12/6,KIAS-12DN,11359,1,9387,33,02/09/2018,14:48:06,281,49.5
KIAS-12/6,KIAS-12DN,11359,1,117,29,02/09/2018,14:48:32,281,46.5
KIAS-12/6,KIAS-12DN,11359,1,9387,33,02/09/2018,14:49:32,281,49.5
KIAS-12/6,KIAS-12DN,11359,1,349,27,02/09/2018,14:50:52,244,42.6
KIAS-12/6,KIAS-12DN,11359,1,349,27,02/09/2018,14:51:21,244,42.6
KIAS-12/6,KIAS-12DN,11359,1,9387,33,02/09/2018,14:51:46,281,49.5
KIAS-12/6,KIAS-12DN,11359,1,9387,33,02/09/2018,14:52:14,562,49.5
KIAS-12/6,KIAS-12DN,11359,1,214,14,02/09/2018,14:52:31,171,27
KIAS-12/6,KIAS-12DN,11359,1,9387,33,02/09/2018,14:52:59,281,49.5
KIAS-12/6,KIAS-12DN,11359,1,9387,33,02/09/2018,14:53:14,281,49.5
KIAS-12/6,KIAS-12DN,11359,1,9387,33,02/09/2018,14:53:41,281,49.5
KIAS-12/6,KIAS-12DN,11359,1,65,25,02/09/2018,14:53:49,234,38.4
KIAS-12/6,KIAS-12DN,11359,1,2254,16,02/09/2018,14:54:31,467,31.4
KIAS-12/6,KIAS-12DN,11359,1,349,27,02/09/2018,14:55:02,0,0
KIAS-12/6,KIAS-12DN,11359,1,9387,33,02/09/2018,14:55:21,281,49.5
KIAS-12/6,KIAS-12DN,11359,1,214,14,02/09/2018,15:01:02,0,0
KIAS-12/6,KIAS-12DN,11359,1,117,29,02/09/2018,15:01:10,281,46.5
KIAS-12/6,KIAS-12DN,11359,1,9387,33,02/09/2018,15:01:57,281,49.5
KIAS-12/6,KIAS-12DN,11359,1,65,25,02/09/2018,15:02:13,467,38.4
KIAS-12/6,KIAS-12DN,11359,1,158,19,02/09/2018,15:02:57,234,36.1
KIAS-12/6,KIAS-12DN,11359,1,214,14,02/09/2018,15:03:15,171,27
KIAS-12/6,KIAS-12DN,11359,1,218,15,02/09/2018,15:03:58,0,0
KIAS-12/6,KIAS-12DN,11359,1,9387,33,02/09/2018,15:04:14,281,49.5
KIAS-12/6,KIAS-12DN,11359,1,218,15,02/09/2018,15:04:30,197,29.2
KIAS-12/6,KIAS-12DN,11359,1,9387,33,02/09/2018,15:04:49,281,49.5
KIAS-12/6,KIAS-12DN,11359,1,218,15,02/09/2018,15:05:38,197,29.2
KIAS-12/6,KIAS-12DN,11359,1,1889,26,02/09/2018,15:06:12,488,40.9
KIAS-12/6,KIAS-12DN,214,14,349,27,02/09/2018,15:29:48,79,15.6
KIAS-12/6,KIAS-12DN,0,33,0,0,02/09/2018,16:39:58,0,0
KIAS-12/6,KIAS-12UP,0,1,0,0,02/09/2018,16:40:05,0,0
KIAS-12/6,KIAS-12UP,9387,1,11359,39,02/09/2018,17:01:27,281,49.3
KIAS-12/6,KIAS-12UP,9387,1,11359,39,02/09/2018,17:02:16,281,49.3
KIAS-12/6,KIAS-12UP,9387,1,11359,39,02/09/2018,17:02:39,281,49.3
KIAS-12/6,KIAS-12UP,9387,1,11359,39,02/09/2018,17:03:10,281,49.3
KIAS-12/6,KIAS-12UP,9387,1,11359,39,02/09/2018,17:03:31,281,49.3
KIAS-12/6,KIAS-12UP,9387,1,4973,26,02/09/2018,17:09:26,90,23.1
KIAS-12/6,KIAS-12UP,9387,1,11359,39,02/09/2018,17:11:55,281,49.3
KIAS-12/6,KIAS-12UP,718,6,2937,10,02/09/2018,17:19:45,21,4
KIAS-12/6,KIAS-12UP,2937,10,11359,39,02/09/2018,17:33:59,244,42.5
KIAS-12/6,KIAS-12UP,0,39,0,0,02/09/2018,18:43:26,0,0
